,Nombre,Nacimiento,Conocido,Que hace,Premios,Oscar
0,Bob Brindley,Desconocido,"[""Blood Will Tell: Tezuka Osamu's Dororo"", 'Unflinching Triumph: The Philip Rockhammer Story', 'The Wrath of John', 'Mortuary']","['Actor', 'Producer', 'Additional Crew']",Desconocido,--
1,Mark Decena,Desconocido,"['Dopamine', 'Not Without Us', 'e2: The Economies of Being Environmentally Conscious', 'The Light']","['Writer', 'Director', 'Producer']",3 wins & 1 nomination,--
2,Joe Mandragona,Desconocido,"['Unflinching Triumph: The Philip Rockhammer Story', 'Grassroots', 'The Bigtop', ""Valley of the Heart's Delight""]",['Actor'],Desconocido,--
3,Greg Ayers,Desconocido,"['Gantz', 'Unflinching Triumph: The Philip Rockhammer Story', 'Surprise', 'Mondays']","['Actor', 'Writer']",Desconocido,--
4,Gabriella Mutia,Desconocido,"['Malooned', 'Formula X']",['Actress'],Desconocido,--
5,Godfrey Odhiambo,Desconocido,"['Malooned', 'From a Whisper', 'Nairobi Half Life', 'Crime and Justice']",['Actor'],2 nominations,--
6,Charles Bukeko,Desconocido,"['The Constant Gardener', 'The Captain of Nakara', 'Malooned', 'Project Daddy']","['Actor', 'Additional Crew']",Desconocido,--
7,Patrick Joe Mbugua,Desconocido,['Malooned'],['Actor'],Desconocido,--
8,Dan 'Churchill' Ndambuki,Desconocido,"['The First Grader', 'Malooned', 'E! VIP Africa']",['Actor'],1 win,--
9,Mwaka Mwinyi Nguti,Desconocido,['Malooned'],['Actress'],Desconocido,--
10,Juan Carlos Mesa,Desconocido,"['Brigada en acción', 'Mesa de noticias', 'Dr. Amor', 'Las hormigas']","['Writer', 'Actor', 'Producer']",Desconocido,--
11,Jorge Guinzburg,Desconocido,"['Sex a pilas', 'Chabonas', 'Caramelito en barra', 'Extra Tato']","['Writer', 'Actor', 'Producer']",Desconocido,--
12,Mariana Fabbiani,1975,"['I Married a Dumbass', 'Montaña rusa, otra vuelta', 'El Host', 'Luis Miguel: Suave']",['Actress'],Desconocido,--
13,Alejandro Fantino,1971,"[""Noah's Ark"", 'Todo x 2 pesos', 'Back to the Siam', 'Tiempo de pensar']","['Actor', 'Writer', 'Producer']",Desconocido,--
14,Magdalena Ruiz Guiñazú,Desconocido,"['Antigua vida mía', 'Esperando al mesías', 'Estela', 'La Argentina de Tato']","['Additional Crew', 'Actress', 'Producer']",Desconocido,--
15,Alejandro Dolina,1944,"['Recordando el show de Alejandro Molina', 'Las puertitas del señor López', 'Tinta Argentina', 'Balada del primer amor']","['Actor', 'Writer', 'Composer']",Desconocido,--
16,Diego Topa,1975,"['Hermanitos del fin del mundo', 'Causa efecto', 'Poné a Francella', 'Los simuladores']","['Actor', 'Soundtrack']",Desconocido,--
17,Carolina Ibarra,Desconocido,[],[],Desconocido,--
18,David Rotemberg,Desconocido,"[""Noah's Ark"", 'Grandiosas', 'Premios Martín Fierro 2003', 'Mejor de noche']",['Actor'],Desconocido,--
19,Ak Adams,Desconocido,['The Bridge'],['Actor'],Desconocido,--
20,Gordon Timothy,Desconocido,"['Fine Lines', 'The Enemy and the Victim', 'Endless Summer', 'The Wire']","['Actor', 'Additional Crew', 'Director']",Desconocido,--
21,Simone Girma,Desconocido,['The Bridge'],['Actress'],Desconocido,--
22,Charlie Abel,Desconocido,['The Bridge'],['Actor'],Desconocido,--
23,Michael Simonsen,Desconocido,['The Bridge'],['Actor'],Desconocido,--
24,Stephanie Nevin,Desconocido,"['Chicks 101', 'The Bridge', 'Diagnosis: Unknown', ""Dawson's Creek""]",['Actress'],Desconocido,--
25,Dwayne Winstead,1971,"['A Pocket Full of Bullets', 'Crowne Royale Street King', 'Coca Cola Spec Ad', 'Land of the Free?']","['Actor', 'Composer', 'Producer']",Desconocido,--
26,Suwanun Kongying,1978,"['Dao Pra Sook', 'Busaba Bold & Beautiful', 'E som somwang', 'Sai Lohit']",['Actress'],Desconocido,--
27,Yodrak Salakjai,Desconocido,"['Monpleng luktung F.M.', 'E som somwang']",['Actor'],Desconocido,--
28,Jeab Chern-Yim,Desconocido,"['Sound from the Field of Love', 'This Girl Is Bad-Ass!!', 'My Lovely Bodyguard', 'Chinatown Chacha']",['Actor'],Desconocido,--
29,Annie Brooks,Desconocido,"['Yern Peh Lay semakute', 'The Perfect Couple', 'Sherry Ann', 'In Country Melody 2']",['Actress'],Desconocido,--
30,Placrap Chernyim,Desconocido,['E som somwang'],['Actor'],Desconocido,--
31,Tao Chernyim,Desconocido,['E som somwang'],['Actor'],Desconocido,--
32,Shompoonuch Klinjampa,Desconocido,"['5 taew', ""Teng's Angel"", 'E som somwang']",['Actress'],Desconocido,--
33,Sunny Suwanmethanont,Desconocido,"['Heart Attack', 'Die Tomorrow', 'Pheuan sanit', 'Brother of the Year']",['Actor'],1 win & 6 nominations,--
34,Pattarasaya Kreuasuwansri,Desconocido,[],[],Desconocido,--
35,Opal Panisara Arayaskul,Desconocido,['Sailap jap baan lek'],['Actor'],Desconocido,--
36,Panissara Arayaskul,Desconocido,['Sailap jap baan lek'],['Actor'],Desconocido,--
37,Daraneenute Bhothipiti,Desconocido,"['Eternity', 'Run! Rak Untarai', 'Sarb Sorn Ruk', 'Padiwaradda']",['Actress'],1 nomination,--
38,Jarunee Boonsake,Desconocido,['Sailap jap baan lek'],['Actor'],Desconocido,--
39,Prakasit Bosuwan,Desconocido,"['Sailap jap baan lek', 'The Invincible']",['Actor'],Desconocido,--
40,Prakasit Bowsuwan,Desconocido,"['Meteor', '12 Rasee', 'Suriyakhaat', 'The Second Sight']",['Actor'],Desconocido,--
41,Candy Pangilinan,Desconocido,"['Star na si Van Damme Stallone', 'For the First Time', 'Astig', 'Apat dapat, dapat apat: Friends 4 lyf and death']","['Actress', 'Writer', 'Soundtrack']",1 win & 2 nominations,--
42,Marissa Delgado,Desconocido,"['Till Death Do Us Part', 'Lumuha pati mga anghel', 'One Night... Three Women!', 'My Father, My Mother']",['Actress'],2 wins & 4 nominations,--
43,Christian Vasquez,Desconocido,"['Bukal', 'Pedro Calungsod: Batang martir', 'Manay po!', 'ZsaZsa Zaturnnah Ze Moveeh']","['Actor', 'Producer']",4 wins & 1 nomination,--
44,Ashley Gruenberg,Desconocido,"['Ikaw pa rin: Bongga ka Boy', 'Apat dapat, dapat apat: Friends 4 lyf and death']",['Actress'],Desconocido,--
45,C.L. Rivera,Desconocido,"['Salsero in Purgatory', 'Arkon Games', 'Rich from Within', 'Street Lure']","['Actor', 'Producer']",1 win & 1 nomination,--
46,Leila Velez,Desconocido,"['Father Dad', 'Rich from Within', 'Sweeter Without Sugar', 'Steam Room Stories: The Movie!']","['Actress', 'Script and Continuity Department']",Desconocido,--
47,David Lamberton,30,"['Monsters and Men', 'The Post', 'Bridge of Spies', 'Daredevil']","['Actor', 'Additional Crew', 'Producer']",Desconocido,--
48,Alexandria Kryzaniwsky,Desconocido,"['Rich from Within', 'Katalog']",['Actress'],Desconocido,--
49,Mandy MacDonald,Desconocido,"['The Shoulder', 'The Karma Club', 'Lurker', 'Diwali Dream Garage']","['Make-Up Department', 'Actress', 'Costume Designer']",Desconocido,--
50,Melia Smith,Desconocido,"['More Abandon', 'Rich from Within', 'Best Years Gone', 'Drown']",['Actress'],Desconocido,--
51,Kenya Cagle,Desconocido,"['My King', 'Sin Apple', 'Dead 2 Right', 'Killing Joanne']","['Producer', 'Director', 'Writer']",75 wins & 42 nominations,--
52,Kenyae Cagle,Desconocido,"['The Undercover Man', 'Rich from Within', 'Goodnite Charlie', 'Father Dad']",['Actor'],Desconocido,--
53,Stephanie Callender,Desconocido,"['Rich from Within', 'Release', 'Maggie']","['Transportation Department', 'Actress', 'Additional Crew']",Desconocido,--
54,Ricardo Bertone,Desconocido,"['Los hipócritas', 'Babilonia', 'The Dead Man and Being Happy', 'El ausente']",['Actor'],Desconocido,--
55,Enrique Dumont,Desconocido,"['The Heist of the Century', 'Padre Coraje', 'The Fisherman', 'Rosas rojas... rojas']",['Actor'],Desconocido,--
56,Ulises Dumont,Desconocido,"['Yepeto', 'El censor', 'Rosarigasinos', 'The Same Love, the Same Rain']",['Actor'],14 wins & 6 nominations,--
57,Claudio Gallardou,1959,"['Doble vida', 'La banda del Golden Rocket', 'La furia', 'La venganza']","['Actor', 'Director', 'Casting Director']",Desconocido,--
58,Héctor Grillo,Desconocido,"['Rita and Li', 'Los días de la vida', 'Ese mismo loco afán', 'Cartas a Malvinas']","['Actor', 'Writer']",Desconocido,--
59,María Socas,Desconocido,"['Deathstalker II: Duel of the Titans', 'Hollywood Boulevard II', 'Código negro', 'Las voces']",['Actress'],Desconocido,--
60,Rajesh Hamal,1984,"['Hami Tin Bhai', 'Seemana', 'Himalayan Kingdom of Nepal', 'Deuta']","['Actor', 'Music Department']",Desconocido,--
61,Dhiren Shakya,Desconocido,"['Samhalinchha Kahile Mann', 'Himalayan Kingdom of Nepal', 'Seemana', 'Yatra: A Musical Vlog']",['Actor'],Desconocido,--
62,Sudhanshu Joshi,Desconocido,"['Himalayan Kingdom of Nepal', 'Simarekha', 'Jay baba pashupatinath']","['Actor', 'Additional Crew']",Desconocido,--
63,Deepak Raj Giri,1969,"['Chha Ekan Chha', 'Chhakka Panja 2', 'Woda Number 6', 'Tito Satya']","['Actor', 'Writer', 'Director']",1 win,--
64,Sajja Mainali,Desconocido,"['Himalayan Kingdom of Nepal', 'Manish']",['Actress'],Desconocido,--
65,Sanchita Luitel,Desconocido,"['Chhodi Gaye Paap Lagla', 'Himalayan Kingdom of Nepal', 'Hajar Juni Samma', 'Radha']",['Actress'],1 win,--
66,Srijana Basnet,Desconocido,"['Deuta', 'Himalayan Kingdom of Nepal']",['Actress'],Desconocido,--
67,Keshab Bhattarai,Desconocido,"['Chhodi Gaye Paap Lagla', 'Yatra: A Musical Vlog', 'So Simple', 'Himalayan Kingdom of Nepal']","['Actor', 'Producer']",Desconocido,--
68,Nirmal Sharma,Desconocido,"['Woda Number 6', 'Chha Ekan Chha', 'Himalayan Kingdom of Nepal', 'Chhakka Panja 4']","['Actor', 'Producer']",Desconocido,--
69,Takako Fuji,1972,"['The Grudge', 'Ju-on: The Grudge', 'The Grudge 2', 'Princess Mononoke']",['Actress'],Desconocido,--
70,Keisuke Horibe,1966,"['Akumu no erebêtâ', 'Love Exposure', 'Tokyo Gore Police', 'Fukushima 50']","['Actor', 'Writer', 'Director']",Desconocido,--
71,Meimei Kikuchi,1983,"['Ghost vs. Alien 03', 'Ôi! Don-chan', 'Tachiiri kinshi Haittara shinu? Norowareta 5 hen', 'Dorome: Boys']",['Actress'],Desconocido,--
72,Ken'ichi Kobayashi,Desconocido,"['Ghost vs. Alien 03', 'The Killer Bees', 'Rich Man, Poor Woman', 'Mahoro ekimae bangaichi']",['Actor'],Desconocido,--
73,Haruna Kondô,1983,"['Kamen Rider OOO', 'Ghost vs. Alien 03', 'Quiet room ni yôkoso', 'Nichijô - koi no koe']",['Actress'],Desconocido,--
74,Shôichirô Masumoto,1969,"['Maichi monji Gû', 'Ushiro kara mae kara', 'The Death Game on the Yamanote Line', 'High & Low: The Worst Episode.0']","['Actor', 'Writer', 'Director']",Desconocido,--
75,Haruka Minowa,1980,"['Kamen Rider OOO', 'Ghost vs. Alien 03', 'Quiet room ni yôkoso', 'Nichijô - koi no koe']",['Actress'],Desconocido,--
76,Tomomi Miyashita,1982,"['Ultraman Nexus', 'Ultraseven X', 'From Up on Poppy Hill', 'Kamen Rider Kiva']",['Actress'],Desconocido,--
77,Kaoru Mizuki,1959,"['Gensen-Kan Inn', 'Kamen Rider Hibiki', 'Ju-On: The Grudge 2', 'Ghost vs. Alien 03']",['Actress'],1 win,--
78,Yukiko Nakatsubo,1970,"['20th Century Boys 1: Beginning of the End', 'Ghost vs. Alien 03', 'Kasai Chôsakan Kurenai Renjirô 3']",['Actress'],Desconocido,--
79,John Alexander,Desconocido,['Battle Therapy Too'],['Actor'],Desconocido,--
80,Larissa Bateman,Desconocido,['Battle Therapy Too'],['Actress'],Desconocido,--
81,Scott Conway,Desconocido,"['4th and Long', 'Battle Therapy Too']",['Actor'],Desconocido,--
82,Tess Cornwall,Desconocido,['Battle Therapy Too'],['Actress'],Desconocido,--
83,Malisa Hanes,Desconocido,['Battle Therapy Too'],['Actress'],Desconocido,--
84,Melissa Hanes,Desconocido,"['Cops LAC', 'Rescue Special Ops', 'Suing the Devil', 'Pop-Up']","['Actress', 'Make-Up Department']",Desconocido,--
85,Yûki Amami,1967,"['Inugami', 'Sennen no koi - Hikaru Genji monogatari', 'Countdown', 'Ponyo']",['Actress'],5 wins & 2 nominations,--
86,Shuto Tanabe,Desconocido,"['20th Century Boys 1: Beginning of the End', 'Sausu baundo', '20th Century Boys 3: Redemption']",['Actor'],Desconocido,--
87,Rina Matsumoto,Desconocido,"['The Joker Game: Escape', 'Sausu baundo', 'Purimadamu', 'The Future Is in Our Hands']",['Actress'],Desconocido,--
88,Keiko Kitagawa,1986,"['The Fast and the Furious: Tokyo Drift', 'Pretty Guardian Sailor Moon', 'Dear Friends', ""It's a Flickering Life""]",['Actress'],2 nominations,--
89,Mitsuru Hirata,1953,"['Fall Guy', 'Shabu-Shabu Spirit', 'Fukushima 50', 'Kei×Yaku: Dangerous Partners']","['Actor', 'Soundtrack']",5 wins & 1 nomination,--
90,Hideko Yoshida,1944,"['Shaso', 'The Pillow Book', 'Submersion of Japan', 'Out']",['Actress'],1 win & 1 nomination,--
91,Haruko Katô,Desconocido,"[""Kiki's Delivery Service"", 'Love Is a Hunter', 'A Thousand & One Nights', ""Howl's Moving Castle""]",['Actress'],Desconocido,--
92,Miki Murai,Desconocido,"['The Passenger', 'Sausu baundo', 'One Cup on the Dead Track', 'Yakuza 5']",['Actress'],Desconocido,--
93,Sandra Dewi,1983,"['Quickie Express', 'Tarzan ke Kota', 'Triangle the Dark Side', 'I Am Hope']",['Actress'],1 win & 1 nomination,--
94,Reuben Elishama,1978,"['Love for Share', 'Dewi', 'Gossip Girl Indonesia', 'Eggnoid: Love & Time Portal']","['Actor', 'Soundtrack']",2 nominations,--
95,Ria Irawan,Desconocido,"['The Stringless Violin', ""Mecca I'm Coming"", 'Bulan di Atas Kuburan', 'Love for Share']","['Actress', 'Director', 'Writer']",3 wins & 8 nominations,--
96,Melissa Karim,1978,"['A World Without', 'Gossip Girl Indonesia', 'Skakmat', 'Love for Share']","['Actress', 'Writer', 'Second Unit Director or Assistant Director']",Desconocido,--
97,Tio Pakusadewo,1963,"['The Raid 2', 'Letters from Prague', 'Quickie Express', 'Identitas']","['Actor', 'Music Department']",2 wins & 15 nominations,--
98,Rudolph Angelo Ratulangi,Desconocido,"['Gara-Gara Bola', 'Quickie Express', 'The Year of Living Vicariously', 'Gossip Girl Indonesia']","['Actor', 'Cinematographer']",Desconocido,--
99,Tino Saroengallo,Desconocido,"['Pantja Sila: Cita-Cita & Realita', 'Blackhat', 'The Fall', 'Eat Pray Love']","['Actor', 'Producer', 'Production Manager']",1 win & 1 nomination,--
100,Tino Saroenggallo,Desconocido,"['Fishing Platform', 'The Forbidden Door', 'Quickie Express', 'MBA: Married by Accident']","['Actor', 'Location Management', 'Production Manager']",Desconocido,--
101,Ira Maya Sopha,1968,"['Quickie Express', 'Love for Share', 'Claudia/Jasmine', 'Ira Maya Putri Cinderella']",['Actress'],3 nominations,--
102,David Carreno,Desconocido,"['A Place Among the Dead', 'The Craving Heart', 'The Vigilante', 'El percance perfecto']","['Actor', 'Producer']",1 win,--
103,Sebastian Eslava,Desconocido,"['Pepe Caceres', 'Herencia', 'La niña', 'Pablo']","['Actor', 'Producer', 'Writer']",1 win,--
104,Monique Barajas,Desconocido,"['Trophy Wife', 'Latin Dragon', 'El percance perfecto', 'Scorpion']","['Actress', 'Producer']",Desconocido,--
105,Maria Forero,Desconocido,"['Kill Speed', 'Bloom', 'El percance perfecto', 'El Superstar: The Unlikely Rise of Juan Frances']",['Actress'],1 nomination,--
106,Stefanie Chapman,Desconocido,"['El percance perfecto', 'Gilded Cage', 'Creed', 'Bred in the Bone']",['Actress'],Desconocido,--
107,Vanessa Herrera,Desconocido,"['El percance perfecto', 'Justice on the Border', 'Fast Choices', 'SinVerguenzas']","['Actress', 'Second Unit Director or Assistant Director']",1 win,--
108,Maria Musebrink,Desconocido,"['El percance perfecto', 'Aram, Aram', 'Armenia, My Love...', 'Bite Me']",['Actress'],Desconocido,--
109,Bob Kunkel,Desconocido,['FreeLance'],['Actor'],Desconocido,--
110,Sean Mann,Desconocido,['FreeLance'],"['Actor', 'Writer', 'Casting Director']",Desconocido,--
111,Jackson Williamson,1979,"['FreeLance', 'Gangsters and Zombies']",['Actor'],Desconocido,--
112,Tim Hensely,Desconocido,['FreeLance'],['Actor'],Desconocido,--
113,Nichole Harrison,Desconocido,['FreeLance'],['Actress'],Desconocido,--
114,Deboria Arrant,Desconocido,['FreeLance'],['Actor'],Desconocido,--
115,Trip Barnes,Desconocido,['FreeLance'],"['Actor', 'Camera and Electrical Department']",Desconocido,--
116,Corly Bryant,Desconocido,['FreeLance'],['Actor'],Desconocido,--
117,Mike Burton,Desconocido,['FreeLance'],['Actor'],Desconocido,--
118,Bee Chidsey,Desconocido,['FreeLance'],['Actor'],Desconocido,--
119,Satish Kaushik,Desconocido,"['In Your Name', 'Kaagaz', 'Pardesi Babu', 'Jaane Bhi Do Yaaro']","['Actor', 'Director', 'Producer']",6 wins & 8 nominations,--
120,Archana Puran Singh,Desconocido,[],[],Desconocido,--
121,Arun Shekhar,Desconocido,"['Holiday', 'Talaash: The Answer Lies Within', 'Laxmii', 'Akira']","['Actor', 'Writer', 'Sound Department']",Desconocido,--
122,Bennett Chabot,Desconocido,['Yellow Lights'],['Actor'],Desconocido,--
123,Aja Munsell,Desconocido,"['Yellow Lights', 'The Stoop', 'Vent', 'An Eye for an Eye']",['Actress'],Desconocido,--
124,Andrew Tsang,Desconocido,"['Yellow Lights', 'The Proud Family: Louder and Prouder', 'Strawberry Shortcake: Berry in the Big City']","['Additional Crew', 'Actor', 'Camera and Electrical Department']",Desconocido,--
125,Amanda Hurley,Desconocido,"['Mindfully, Mandy', 'Yellow Lights', 'Matinee of Madness', 'Inventory']","['Actress', 'Director', 'Writer']",1 win & 2 nominations,--
126,Luis Diego Cabezas,Desconocido,['Yellow Lights'],['Actor'],Desconocido,--
127,Mark Chang,Desconocido,['Yellow Lights'],['Actor'],Desconocido,--
128,Kimbette Fenol,Desconocido,"['The Box', ""World's Greatest Dad"", 'Cold Blood Canyon', 'Early Grave']","['Actress', 'Additional Crew']",Desconocido,--
129,Carl Herrmann,Desconocido,['Yellow Lights'],"['Actor', 'Sound Department']",Desconocido,--
130,Tom Kochem,Desconocido,"['Yellow Lights', 'Empty Room', 'Vent', 'Tail']","['Director', 'Writer', 'Editor']",Desconocido,--
131,Michael Moody,Desconocido,['Yellow Lights'],['Actor'],Desconocido,--
132,Derek Hall,Desconocido,['Dead Doornails'],['Actor'],Desconocido,--
133,Gloria D'Simone,Desconocido,['Dead Doornails'],"['Actress', 'Producer']",Desconocido,--
134,Christina De Los Reyes,Desconocido,"['Fifanella', 'Marriage of Inconvenience', 'Finding Your Weird', 'Monsters']","['Actress', 'Director', 'Writer']",Desconocido,--
135,Brian Weil,Desconocido,"['Super Girl', 'Dead Doornails', 'Suit Coat', 'Waxie Moon in Fallen Jewel']","['Producer', 'Actor', 'Make-Up Department']",Desconocido,--
136,Dylan Rohde,1983,"['The Grover Complex', 'Dead Doornails', 'Good Cop (Blank) Cop', 'Haunted Maze']","['Actor', 'Writer', 'Editor']",Desconocido,--
137,Mary Votava,1977,"['The Thirst: Blood War', 'Dead Doornails', 'Spicy Mac Project', 'Under the Gun']","['Actress', 'Additional Crew']",Desconocido,--
138,Gammy Lopez,1991,"['Pisay', 'Maalaala Mo Kaya', 'The Hopeful Romantic', 'Seroks']","['Actor', 'Script and Continuity Department', 'Second Unit Director or Assistant Director']",2 nominations,--
139,Annicka Dolonius,Desconocido,"['Apocalypse Child', 'Pisay', ""What Isn't There"", 'Cattleya Killer']","['Actress', 'Second Unit Director or Assistant Director', 'Script and Continuity Department']",1 win & 4 nominations,--
140,Carl John Barrameda,1993,"['Maalaala Mo Kaya', 'Road to Starkada', 'Alexis: Happy Together', 'Pisay']","['Actor', 'Director', 'Second Unit Director or Assistant Director']",Desconocido,--
141,Elijah Castillo,1995,"['Pepot Artista', 'Pisay', 'Saan nagtatago si happiness?', 'Mayohan']","['Actor', 'Soundtrack']",2 wins & 2 nominations,--
142,Shayne Fajutagana,Desconocido,['Pisay'],['Actress'],Desconocido,--
143,Jonathan Neri,Desconocido,"['Pisay', 'My Cactus Heart', 'MNL 143', 'Bwakaw']",['Actor'],Desconocido,--
144,EJ Jallorina,1993,"['Mamu: And a Mother Too', 'Walang hanggan', 'Pintada', 'Mara Clara']",['Actor'],1 nomination,--
145,Alfred Labatos,1992,"['Maalaala Mo Kaya', 'Pisay', ""I Think I'm in Love"", 'Minsan, minahal kita']",['Actor'],Desconocido,--
146,Arnold Reyes,Desconocido,"['Birdshot', 'Astig', 'Condo', 'The Commitment']","['Actor', 'Soundtrack']",3 wins & 4 nominations,--
147,Breese Pickel,Desconocido,"['Lit Up', 'Movement and Location', 'Run for Your Life']","['Actor', 'Writer', 'Producer']",Desconocido,--
148,Jason Malone,Desconocido,"['Lit Up', 'Run for Your Life', 'Floaters', 'Space Bugs']","['Actor', 'Producer']",Desconocido,--
149,Teresa Budzisz-Krzyzanowska,1942,"['Odjazd', 'Three Colors: White', 'Kuchnia polska', ""Lawa. Opowiesc o 'Dziadach' Adama Mickiewicza""]",['Actress'],1 win,--
150,Leszek Piskorz,1947,"['Television Theater', 'In Darkness', 'Skazane', 'Zwerbowana milosc']","['Actor', 'Additional Crew']",Desconocido,--
151,Agnieszka Wosinska,1968,"['Ratownicy', 'Papiery na szczescie', 'Klan', 'Krew z krwi']",['Actress'],Desconocido,--
152,Witold Debicki,1943,"['Twarza w twarz', 'Paradoks', 'Instynkt', 'Alternatywy 4']",['Actor'],Desconocido,--
153,Grzegorz Damiecki,1967,"[""Schindler's List"", 'Taxing Love', 'Fucking Bornholm', 'Wataha']",['Actor'],1 win & 1 nomination,--
154,Roma Gasiorowska,1981,"['Suicide Room', 'My Name Is Ki', 'Letters to Santa', 'Viola My Love']","['Actress', 'Director', 'Writer']",2 wins & 2 nominations,--
155,Dorota Segda,1966,"['Faustina: The Apostle of Divine Mercy', 'My Twentieth Century', 'Show', 'Taranthriller']",['Actress'],1 win,--
156,Janusz Chabior,1963,"['Made in Poland', 'Character', 'Londynczycy', 'I Am Lying Now']","['Actor', 'Music Department']",1 win,--
157,Michal Czernecki,1978,"['Krew z krwi', 'Television Theater', 'Na dobre i na zle', 'Londynczycy']",['Actor'],Desconocido,--
158,Guillermo Francella,1955,"['The Secret in Their Eyes', 'The Clan', 'Casados con hijos', 'The One in Charge']","['Actor', 'Producer']",14 wins & 15 nominations,--
159,Gisela Van Lacke,1980,"['Sin código', 'Incorregibles', 'Collar de esmeraldas', 'Los exitosos Pérez']",['Actress'],Desconocido,--
160,Jorge Rivera López,1934,"['Stay Tuned for Terror', 'El ABC del amor', 'Of Love and Shadows', 'La Mary']",['Actor'],Desconocido,--
161,Roberto Ibáñez,Desconocido,"['Incorregibles', 'Historias Breves III: Familia Fortone', 'Top Models', 'Bárbara Narváez']","['Actor', 'Writer']",Desconocido,--
162,Marisa Fasano,Desconocido,"['Incorregibles', ""Verano del '98"", 'Los ángeles no lloran', 'Sin condena']",['Actress'],Desconocido,--
163,Martín Pavlovsky,1962,"['Upside Down', 'Cabeza de pescado', 'Moebius', 'Un mundo seguro']","['Actor', 'Composer', 'Soundtrack']",1 win,--
164,Susana Ortiz,Desconocido,"['Rebelde Way', 'El día que me quieras', 'Chiquititas', 'La canción de Buenos Aires']",['Actress'],Desconocido,--
165,Graciela Pal,1947,"['Cabecita rubia', 'Casi ángeles', 'Nano', 'Franco Buenaventura, el profe']",['Actress'],1 nomination,--
166,Claudio Santorelli,Desconocido,"['Durazno Sangrando', 'Suburbios del Alma', 'The Final Phase', 'El Amigo Visible']","['Actor', 'Producer', 'Director']",Desconocido,--
167,Rose McGowan,1973,"['Planet Terror', 'Jawbreaker', 'Grindhouse', 'Charmed']","['Actress', 'Producer', 'Director']",3 wins & 6 nominations,--
168,Freddy Rodríguez,17,"['Planet Terror', 'Poseidon', 'Harsh Times', 'Bobby']","['Actor', 'Producer']",10 wins & 11 nominations total,--
169,Rebel Rodriguez,1999,"['Planet Terror', 'Grindhouse', 'The Adventures of Sharkboy and Lavagirl 3-D', 'Shorts']","['Actor', 'Composer', 'Camera and Electrical Department']",Desconocido,--
170,Bruce Willis,1955,"['Die Hard', 'Pulp Fiction', 'Moonlighting', 'The Sixth Sense']","['Actor', 'Producer', 'Writer']",24 wins & 54 nominations total,--
171,Bobby Haworth,Desconocido,"['Psychic Experiment', 'Easy Life', 'Bobby & Kalob', ""Jack's Apocalypse""]","['Actor', 'Writer', 'Editor']",Desconocido,--
172,Daisy Mae Hargraves,Desconocido,"['Noble Things', 'Over-Due', 'Do You']",['Actress'],Desconocido,--
173,Brian Flora,Desconocido,"['Know How', 'Over-Due', 'About That Life', 'Academic Affairs']",['Actor'],Desconocido,--
174,Daria James,Desconocido,"['Over-Due', 'Outline', 'The Darq']","['Actress', 'Additional Crew']",Desconocido,--
175,Russell Robert Rankin,Desconocido,"['Over-Due', 'Colonia: The Silent Version', 'Under the Rainbow', 'House of Women']","['Director', 'Cinematographer', 'Editor']",Desconocido,--
176,Grace Yang Vitali,Desconocido,"[""COVID-19 Call to Prayer God's Army"", 'The Jewels of the Salton Sea', 'Still the Drums', 'Two de Force']","['Producer', 'Actress', 'Music Department']",10 wins & 1 nomination,--
177,Hillary Lewis,Desconocido,"[""You're in Trouble"", 'Ask a Slave', 'Astrid Clover', 'The Kids Table']",['Actress'],Desconocido,--
178,Nathaniel Kerr,Desconocido,"[""You're in Trouble""]",['Actor'],Desconocido,--
179,Benzy,Desconocido,"['Pale: Quiet Day Off', 'Gallery of Fear', 'Two Front Teeth', 'Horrors of War']","['Actor', 'Special Effects', 'Make-Up Department']",1 win,--
180,Elysia Annacini,Desconocido,"['Interfere', ""You're in Trouble"", 'Mercury in Tuna', 'Chez Risqué']","['Actress', 'Assistant']",Desconocido,--
181,Christopher Belgin,Desconocido,"[""You're in Trouble""]",['Actor'],Desconocido,--
182,Bailey Blackout,Desconocido,"[""You're in Trouble""]",['Actor'],Desconocido,--
183,Shannon Booze,Desconocido,"[""You're in Trouble""]",['Actress'],Desconocido,--
184,Craig Coppaway,Desconocido,"[""You're in Trouble""]",['Actor'],Desconocido,--
185,Stephen Du,Desconocido,"[""You're in Trouble""]",['Actor'],Desconocido,--
186,Hal Weaver,Desconocido,"['Happy Walter', 'Cold Readings']",['Actor'],Desconocido,--
187,Zoje Stage,1969,"['Bewilderness', 'Happy Walter', 'Against Her Skin', 'Tea Ceremony at the End of the World']","['Writer', 'Producer', 'Director']",Desconocido,--
188,Deborah Stage,Desconocido,"['Happy Walter', 'Bewilderness', 'Tea Ceremony at the End of the World']","['Actress', 'Producer']",Desconocido,--
189,Vivienne Shaffer,Desconocido,['Happy Walter'],['Actress'],Desconocido,--
190,Mike Axelrod,Desconocido,['Happy Walter'],['Actor'],Desconocido,--
191,Frank Carr,Desconocido,"['Happy Walter', 'Against Her Skin']",['Actor'],Desconocido,--
192,Janet Shaughnessy,Desconocido,['Happy Walter'],['Actress'],Desconocido,--
193,Leonard Singer,Desconocido,['Happy Walter'],['Actor'],Desconocido,--
194,Simi Singer,Desconocido,['Happy Walter'],['Actress'],Desconocido,--
195,Stefanie Singer,Desconocido,['Happy Walter'],['Actress'],Desconocido,--
196,Allan K,1958,"['Jack Em Popoy: The Puliscredibles', 'Enteng Kabisote 3: Okay ka fairy ko... The legend goes on and on and on', ""Bilib ako sa'yo"", 'Eat Bulaga']","['Actor', 'Producer', 'Soundtrack']",1 win,--
197,Antonio Aquitania,1977,"['Joaquin Bordado', 'Descendants of the Sun', '10000 Hours', 'Sa piling ni nanay']","['Actor', 'Music Department', 'Producer']",Desconocido,--
198,Rhap Salazar,1997,"['Ikaw pa rin: Bongga ka Boy', 'Kokey', 'Paano kita iibigin', 'Maalaala Mo Kaya']","['Actor', 'Soundtrack']",Desconocido,--
199,Paul Salas,Desconocido,"['Shake Rattle & Roll 2k5', 'Pieta', 'The Lost Recipe', 'Mula sa puso']",['Actor'],1 win,--
200,Joshua Cadeliña,Desconocido,"['Kokey', 'Pasukob', 'Maalaala Mo Kaya', 'Kampanerang Kuba']",['Actor'],Desconocido,--
201,Nel Rapiz,Desconocido,"['Pasukob', 'Prinsesa ng banyera', 'Pinoy Big Brother']",['Actor'],Desconocido,--
202,Becca Connolly,Desconocido,['SoulMaid'],['Actress'],Desconocido,--
203,Joe Schenck,Desconocido,"['SoulMaid', 'Club King']",['Actor'],Desconocido,--
204,Isabel Tornaghi,Desconocido,['Conceição: Autor Bom é Autor Morto'],['Actress'],Desconocido,--
205,Vera Barreto Leite,Desconocido,"['República da Traição', 'Conceição: Autor Bom é Autor Morto', 'Sound & Fury', 'Até Que o Casamento Nos Separe']","['Actress', 'Costume Designer']",Desconocido,--
206,Rose Abdallah,Desconocido,"['Elite Squad 2: The Enemy Within', 'Planet of the Pantanal', 'Conceição: Autor Bom é Autor Morto', 'Dark Days']",['Actress'],Desconocido,--
207,Dado Amaral,Desconocido,"['Boato uma auto definitude', 'Porr Gentileza', 'Conceição: Autor Bom é Autor Morto', 'How to Be Single in Rio']","['Actor', 'Director', 'Producer']",Desconocido,--
208,Luís Eduardo Amaral,Desconocido,"['Conceição: Autor Bom é Autor Morto', 'Food Truck: A Batalha', 'Custom Club Brasil']","['Additional Crew', 'Second Unit Director or Assistant Director', 'Actor']",Desconocido,--
209,Joana Medeiros,1970,"['Elite Squad', 'Apolônio Brasil, Campeão da Alegria', 'A Hora Marcada', 'Conceição: Autor Bom é Autor Morto']",['Actress'],Desconocido,--
210,Marcio Menezes,Desconocido,"['Xingu', 'City of Men', 'Under Pressure', 'Bela Donna']","['Cinematographer', 'Camera and Electrical Department', 'Actor']",Desconocido,--
211,Paul O'Tooni,Desconocido,['Dead End'],['Actor'],Desconocido,--
212,Gennadiy Nazarov,1967,"['Zivot a neobycejna dobrodruzstvi vojaka Ivana Conkina', 'Kakaya chudnaya igra', '72 metra', 'Composition for Victory Day']",['Actor'],2 nominations,--
213,Done Lema,1995,['Vnuk Gagarina'],['Actor'],Desconocido,--
214,Natalya Rogozhkina,1974,"['Ottsy i deti', 'Esenin', 'Dalnoboyshchiki', 'Obnimaya nebo']",['Actress'],Desconocido,--
215,Sergey Ugryumov,1971,"['Dark World', 'Fonogramma strasti', 'Liquidation', 'Mosgaz. Zapadnya']",['Actor'],Desconocido,--
216,Linda Tabagari,1993,"['Lichnyy nomer', 'Chernobyl: Zone of Exclusion', 'V ozhidanii chuda', 'Ranetki']",['Actress'],Desconocido,--
217,Lyudmila Gnilova,1944,"['Dikiy', 'Blokada: Luzhskiy rubezh, Pulkovskiy meredian', 'Encore, Once More Encore!', 'Under the Fir-Tree']",['Actress'],Desconocido,--
218,Natalya Zayakina,Desconocido,"['Ozhidanie', 'Vnuk Gagarina']",['Actress'],Desconocido,--
219,Natalya Gorshkova,Desconocido,['Vnuk Gagarina'],['Actress'],Desconocido,--
220,Anna Gulyarenko,1958,"['Loveless', 'Elena', 'Moscow Does Not Happen', 'Razmakh krylyev']",['Actress'],Desconocido,--
221,Jitender Bhargava,Desconocido,['Buddha Mar Gaya'],['Actor'],Desconocido,--
222,Birbal,Desconocido,"['Sholay', 'Vidhaata', 'Kaali Topi Lal Rumaal', 'Jwaala Daaku']","['Actor', 'Music Department', 'Additional Crew']",Desconocido,--
223,Heenaa Biswas,Desconocido,"['Mission Kashmir', 'Maine Dil Tujhko Diya', 'Buddha Mar Gaya']",['Actress'],Desconocido,--
224,Prem Chopra,1935,"['Koi... Mil Gaya', 'Animal', 'Do Anjaane', 'Gehri Chaal']","['Actor', 'Music Department']",4 wins & 2 nominations,--
225,Mannat Kaur,Desconocido,"['Buddha Mar Gaya', 'Jatt Nuu Chudail Takri']",['Actress'],Desconocido,--
226,Pratima Kazmi,1948,"['Ek Hasina Thi', 'Uttaran', 'It Happens That Way Too: Part II', 'Raaz']",['Actress'],1 win & 6 nominations,--
227,Daniel Roberts,Desconocido,"['Hope and Play', 'Misadventures in Space', 'Zeppo: Sinners from Beyond the Moon!', 'Red River']","['Actor', 'Producer', 'Director']",Desconocido,--
228,Chad C. Hundley,1977,"['Into the Woods', 'Window with a View', 'Misadventures in Space', 'Queen of the Cursed World']","['Actor', 'Producer', 'Casting Director']",Desconocido,--
229,William S. Tolliver,1974,"['Steampunk', 'The Zombie Movie', 'Breakfast Impossible: Series One', 'Mountain Mafia']","['Actor', 'Producer', 'Transportation Department']",Desconocido,--
230,Belinda Cooke,1956,"['Window with a View', 'Queen of the Cursed World', 'Misadventures in Space', 'The Last Temptation of Fluffy']","['Actress', 'Producer', 'Additional Crew']",Desconocido,--
231,Casey Miracle,Desconocido,"['Mountain Mafia', 'Into the Woods', 'Day One', 'Terror at Crimson Creek']","['Actor', 'Producer', 'Writer']",Desconocido,--
232,Raju Srivastava,Desconocido,"['Baazigar', 'Maine Pyar Kiya', 'Shaktimaan', 'Jahan Jaaeyega Hamen Paaeyega']","['Actor', 'Producer']",Desconocido,--
233,Aashif Sheikh,1960,"['Bhabi Ji Ghar Par Hai', 'Karan Arjun', 'Kisi Ka Bhai Kisi Ki Jaan', 'Auzaar']",['Actor'],2 wins & 10 nominations,--
234,Sudhir Pandey,1940,"['Shakti', 'Toilet: A Love Story', 'Humko Tumse Ho Gaya Hai Pyaar Kya Karein', 'Ishaaron Ishaaron Mein']",['Actor'],2 wins & 3 nominations,--
235,Anirudh Agarwal,1949,"['The Jungle Book', 'Purana Mandir', 'Awaaz', 'Bandh Darwaza']","['Actor', 'Director']",Desconocido,--
236,Sílvia Águila,1971,"['Vertical Love', 'Behavior', 'Los dioses rotos', 'Las huérfanas de la Obra Pía']",['Actress'],2 wins,--
237,Yasmani Guerrero,Desconocido,"['Wasp Network', 'Angle mort', 'Buscando a Casal', 'Inocencia']",['Actor'],Desconocido,--
238,Veronica Milagros,Desconocido,"['Las Smiths', 'Torchwood', 'Jake in Progress', 'Lethal Weapon']","['Actress', 'Producer', 'Executive']",Desconocido,--
239,Aramís Delgado,1942,"['Pirates: Blood Brothers', 'Corazón azul', 'Lucia', 'Las huérfanas de la Obra Pía']",['Actress'],Desconocido,--
240,Susana Pérez,1952,"['Clandestinos', 'Havana Stories [La operación Payret]', 'Miami Stories [La Red Mosquito]', 'Hazme caso']","['Actress', 'Producer', 'Writer']",Desconocido,--
241,Rachel Falcón,Desconocido,['La noche de los Inocentes'],['Actress'],Desconocido,--
242,David Riondino,Desconocido,"['Venezia salva', 'Il santo nero', 'La noche de los Inocentes']","['Producer', 'Actor']",Desconocido,--
243,Markus Benn,Desconocido,['Fanboy'],['Actor'],Desconocido,--
244,Megan Dockery,Desconocido,['Fanboy'],['Actress'],Desconocido,--
245,Holly Facer,Desconocido,['Fanboy'],['Actress'],Desconocido,--
246,Kathy 'Lucy' Finley,Desconocido,['Fanboy'],['Actress'],Desconocido,--
247,Nancy Fletcher,Desconocido,"['Fanboy', 'Nate Dogg: One More Day']",['Actress'],Desconocido,--
248,Joanna Grace,Desconocido,['Fanboy'],['Actress'],Desconocido,--
249,Brian Kubach,1984,"['Piranha 3D', 'Fuel', 'She Wants Me', 'Wizards of Waverly Place']",['Actor'],Desconocido,--
250,Tom Luhtala,Desconocido,"['Ra.One', 'It Follows', 'John Dies at the End', 'White Noise']","['Special Effects', 'Make-Up Department', 'Art Department']",Desconocido,--
251,Cloris Brosca,1957,"[""Laura non c'è"", 'Quiet Chaos', 'Il camorrista', 'Vito e gli altri']",['Actress'],Desconocido,--
252,Roberto Marchetti,1980,"['The Twilight Saga: New Moon', 'The Secret Life of Words', 'Imagining Argentina', 'The Ministry of Time']","['Actor', 'Art Department', 'Set Decorator']",Desconocido,--
253,Imma Piro,1956,"['Il capo dei capi', 'Signora Volpe', 'Il maresciallo Rocca', 'Vieni, vieni amore mio']",['Actress'],Desconocido,--
254,Mariano Rigillo,1939,"['The Postman', 'To Rome with Love', 'Nebbie e delitti', 'Il mulino del Po']","['Actor', 'Additional Crew']",Desconocido,--
255,Richie Jen,1966,"['Fly Me to Polaris', 'Fire of Conscience', 'Silver Hawk', 'Mazu Procession']","['Actor', 'Director', 'Writer']",2 wins & 3 nominations,--
256,Chia-Yung Chang,Desconocido,"['Contract Lover', 'Little Killer']",['Actor'],Desconocido,--
257,Alfred Cheung,1955,"['Manhattan Midnight', 'The Medallion', ""Let's Make Laugh"", 'Her Fatal Ways']","['Actor', 'Writer', 'Director']",3 wins & 1 nomination,--
258,Ian Powers,Desconocido,"['The Man with the Iron Fists', 'Outcast', 'White Wall', 'Kung Fu Vettel: Drive of the Dragon']","['Actor', 'Stunts', 'Second Unit Director or Assistant Director']",Desconocido,--
259,Kate Tsui,1979,"['Eye in the Sky', 'Perfect Wedding', '14 Blades', 'Buddy Cops']",['Actress'],1 win & 4 nominations,--
260,John Barron,Desconocido,"['Deichking', 'Bauernfrühstück - Der Film', 'McKimme - Vertrauen ist gut, schnüffeln ist besser']",['Actor'],Desconocido,--
261,Leo Leiser,Desconocido,"['Die Tote im Unterholz', 'McKimme - Vertrauen ist gut, schnüffeln ist besser', 'Deichking', 'Samba in Mettmann']","['Actor', 'Director', 'Writer']",Desconocido,--
262,Julia Köhn,1981,"['Tatort', 'McKimme - Vertrauen ist gut, schnüffeln ist besser', 'Deichking']",['Actress'],Desconocido,--
263,Lotto King Karl,1967,"['Andi Ommsen ist der letzte Lude', 'Gut zu Vögeln', 'Verliebt, na und wie!', 'Deichking']","['Actor', 'Soundtrack']",Desconocido,--
264,Uschi Nerke,1944,"['Deichking', 'McKimme - Vertrauen ist gut, schnüffeln ist besser', 'Beat-Club', 'Musikladen extra']",['Actress'],1 win & 1 nomination,--
265,Klaus Büchner,1948,"['Werner - Beinhart!', 'Huncke', 'Werner - Volles Rooäää!!!', 'Werner - Gekotzt wird später!']","['Actor', 'Composer', 'Writer']",Desconocido,--
266,Dieter Bruhn,Desconocido,"['Gegengerade', 'Deichking', 'Nachtcafé', 'NDR Talk Show']",['Actor'],Desconocido,--
267,Pico,Desconocido,"['A Deeper Shade of Blue', 'Deichking', '18 & Over', 'Premios Billboard All Access']","['Actor', 'Soundtrack']",Desconocido,--
268,Fettes Brot,Desconocido,"['Die Musterknaben', 'Better Things', 'Fettes Brot: Ich bin müde', 'Deichking']","['Music Artist', 'Actor', 'Music Department']",Desconocido,--
269,Alicja Bach,Desconocido,"['Raven', 'Zmruz oczy', 'Czarna dama', 'One Way Ticket to the Moon']",['Actress'],Desconocido,--
270,Artur Barcis,1956,"['A Short Film About Love', 'Ranczo', 'Ranczo Wilkowyje', 'Kocham Klare']","['Actor', 'Director']",Desconocido,--
271,Filip Bobek,1980,"['2XL', 'BrzydUla', 'Suicide Room', '80 Millions']",['Actor'],Desconocido,--
272,Danuta Borsuk,1963,"['Suicide Room', 'The Mole', 'The Innocents', 'Zamknac za soba drzwi']",['Actress'],Desconocido,--
273,Marta Chodorowska,1981,"['Ranczo', 'Ranczo Wilkowyje', 'Powiedz to, Gabi', 'Klinika samotnych serc']",['Actress'],Desconocido,--
274,Dorota Chotecka,1966,"['13 posterunek', 'Day of the Wacko', 'Nocne graffiti', 'Wirus']",['Actress'],Desconocido,--
275,Bogdan Kalus,1965,"['Ranczo', 'Dziupla Cezara', 'Ubu król', 'Case Unknown']",['Actor'],Desconocido,--
276,Jacek Kawalec,1961,"['Na dobre i na zle', 'Crimen', 'Okruchy wojny', 'Rzeka klamstwa']",['Actor'],Desconocido,--
277,Beata Olga Kowalska,1966,"['M jak milosc', 'Television Theater', 'Cisza', 'Ranczo Wilkowyje']","['Actress', 'Soundtrack']",Desconocido,--
278,Sabina Guzzanti,1963,"['The State-Mafia Pact', 'Viva Zapatero!', ""Le ragioni dell'aragosta"", 'Troppo sole']","['Actress', 'Writer', 'Director']",3 wins & 12 nominations,--
279,Franza Di Rosa,Desconocido,"['Premiata pasticceria Bellavista', 'Pippo Chennedy Show', 'Decameron di Daniele Luttazzi', ""Scusate l'interruzione""]","['Director', 'Additional Crew', 'Second Unit Director or Assistant Director']",Desconocido,--
280,Antonello Fassari,1952,"['The Invisible Wall', 'Valentina', 'Suburra', 'Camerieri']","['Actor', 'Writer', 'Director']",2 nominations,--
281,Pierfrancesco Loche,1958,"['Disokkupati', 'Linda e il brigadiere', 'Tigri di carta', 'De Generazione']","['Actor', 'Writer']",Desconocido,--
282,Stefano Masciarelli,1958,"['Cemetery Man', 'Tequila & Bonetti', 'Donna detective', 'ORO']",['Actor'],Desconocido,--
283,Francesca Reggiani,1959,"['Medicina generale', 'Un inverno freddo freddo', 'Intervista', ""Lo zio d'America 2""]","['Actress', 'Writer']",Desconocido,--
284,Gianni Usai,Desconocido,"['Non mi basta mai', ""Le ragioni dell'aragosta""]",[],Desconocido,--
285,Jesper Klein,Desconocido,"['Balladen om Carl-Henning', 'Beauty and the Beast', 'Kaptajn Klyde og hans venner vender tilbage', 'The Jungle Creature: Hugo']","['Actor', 'Writer', 'Director']",2 wins,--
286,Claus Ryskjær,Desconocido,"['Gufol mysteriet', 'Huset på Christianshavn', 'Krummerne - Så er det jul igen', 'Edderkoppen']","['Actor', 'Writer']",Desconocido,--
287,Ole Fick,1948,"['Albert', 'Wild Flowers', 'Smil Emil', 'Ude på noget']","['Actor', 'Writer', 'Composer']",Desconocido,--
288,Anne Marie Helger,1946,"['Fish Out of Water', 'Forbrydelsen', 'Fru Eilersen og Mehmet', 'Koks i kulissen']","['Actress', 'Writer']",1 win,--
289,Søs Egelind,1958,"['Lærkevej', 'Angels in Fast Motion', 'Jul i den gamle trædemølle', 'Lærkevej - Til Døden os Skiller']","['Actress', 'Writer', 'Director']",1 win & 1 nomination,--
290,Flemming Quist Møller,Desconocido,"['Cykelmyggen og dansemyggen', 'Bennys badekar', 'The Jungle Creature: Hugo', 'Concerto erotico']","['Writer', 'Actor', 'Director']",5 wins & 3 nominations,--
291,Nis Bank-Mikkelsen,1945,"['Matador', 'Alletiders jul', 'A Fish Tale', 'Livvagterne']","['Actor', 'Additional Crew']",Desconocido,--
292,Leandro Castello,Desconocido,"['Rancho aparte', ""Verano del '98"", 'Doble vida', 'Los Roldán']","['Actor', 'Writer']",2 nominations,--
293,Luz Palazón,Desconocido,"['Rancho aparte', 'The Heist of the Century', 'Blood Will Tell', 'Hawaii']","['Actress', 'Writer']",1 win & 1 nomination,--
294,Mey Scápola,Desconocido,"['Rancho aparte', 'Educando a Nina', 'El marginal', 'Guapas']","['Actress', 'Writer']",1 win & 2 nominations,--
295,Carlos Morcillo,Desconocido,"['Farewell', 'Rancho aparte']","['Actor', 'Art Director']",Desconocido,--
296,Sebastián Mogordoy,1975,"['The Secret in Their Eyes', 'Niní', 'The Heist of the Century', 'The Rotten Link']","['Actor', 'Casting Department']",Desconocido,--
297,Laura Dozo,Desconocido,"['Absent', 'Rancho aparte', 'El purgatorio de Dante']",['Actress'],Desconocido,--
298,Cristina Villamor,Desconocido,"['El custodio', 'Rancho aparte']",['Actress'],1 nomination,--
299,Bárbara Segui,Desconocido,['Rancho aparte'],['Actress'],Desconocido,--
300,Carlos Ferreyra,Desconocido,"['Operación G', 'Pots and Pans', 'Rancho aparte', 'Disloque en Mar del Plata']","['Actor', 'Writer']",Desconocido,--
301,Many Lopez,Desconocido,['Rancho aparte'],['Actress'],Desconocido,--
302,Nigel Smith,Desconocido,"['Half a Person', 'A Lucky Strike']",['Actor'],Desconocido,--
303,Michael Majeski,Desconocido,"['Majic', 'Rookie Blue', 'The Border', 'Being Erica']",['Actor'],Desconocido,--
304,Taylor Trowbridge,Desconocido,"['Flatliners', 'Orphan Black', ""The Handmaid's Tale"", 'The Murdoch Mysteries']",['Actress'],Desconocido,--
305,Joanna Haughton,Desconocido,"['Murdoch Mysteries', 'The Strain', 'Deep Six']","['Actress', 'Producer', 'Writer']",Desconocido,--
306,Andrew Udell,Desconocido,"['Half a Person', 'Duel', 'Mob Stories II', 'Duelmentary']",['Actor'],Desconocido,--
307,Emilio DelSordo,Desconocido,['Half a Person'],['Actor'],Desconocido,--
308,Andrea Lacey,Desconocido,"['Paranormal 911', 'Pineboxfast - Cops and Robbers', 'Secrets in the Ice', 'Half a Person']","['Additional Crew', 'Producer', 'Writer']",Desconocido,--
309,Brian Santangelo,Desconocido,"['Half a Person', 'Coastal Clash']","['Actor', 'Camera and Electrical Department', 'Additional Crew']",Desconocido,--
310,Doug Massey,Desconocido,"['Half a Person', 'Heartland Son', 'Adam Ruins Everything']",['Actor'],Desconocido,--
311,Sergi Ametlla,Desconocido,"['Sitges-Nagasaki', 'Moebius', 'Obitus', ""Laberint d'ombres""]",['Actor'],Desconocido,--
312,Georgina Balaguer,Desconocido,['Sitges-Nagasaki'],['Actress'],Desconocido,--
313,Mohamed Bouachmir,Desconocido,"['Mohamed', 'Youth', 'Sitges-Nagasaki', 'Pelotas']",['Actor'],Desconocido,--
314,Francisco Campos Barba,Desconocido,"['El Colibrí', 'El Rocío es compartir', 'La peste', 'El embarcadero']","['Actor', 'Director', 'Writer']",Desconocido,--
315,Martha Carbonell,Desconocido,"['REC', '[Rec]²', 'Un negro con un saxo', 'La Moños']",['Actress'],Desconocido,--
316,Pere Costa,1984,"['Amar en tiempos revueltos', ""Mother's Love"", 'High Seas', 'The Ministry of Time']","['Actor', 'Additional Crew']",Desconocido,--
317,Albert Estrada,Desconocido,"['FAQ: Frequently Asked Questions', 'Sitges-Nagasaki']",['Actor'],Desconocido,--
318,Anuska Gil,Desconocido,['Sitges-Nagasaki'],"['Actress', 'Art Department']",Desconocido,--
319,Víctor Israel,Desconocido,"[""Goya's Ghosts"", 'Even Angels Eat Beans', 'Horror Express', 'The Young Dracula']",['Actor'],1 win,--
320,Ángel Martín,1977,"['Sé lo que hicisteis la última semana', 'El último', 'Grand Piano', '7 vidas']","['Writer', 'Actor', 'Director']",4 wins & 1 nomination,--
321,Brian Petersen,Desconocido,"['Coyote', 'Napoleon Dynamite', 'Think Tank', 'Brigham City']","['Actor', 'Producer', 'Director']",5 wins,--
322,Brett Hernandez Spackman,1972,"['Run to Jays: Tournament of Champions', 'I Pranked My Parents', 'Coyote', 'Think Tank']","['Producer', 'Writer', 'Director']",4 wins,--
323,Carley Adams,Desconocido,"['Row Your Boat', 'Entourage', 'I Pranked My Parents', 'Coyote']","['Actress', 'Writer', 'Producer']",Desconocido,--
324,Marina Valle,Desconocido,"['Vamonos', 'Into the Dark', 'Modern Family', 'Coyote']","['Actress', 'Writer', 'Editor']",Desconocido,--
325,Oswaldo Hernández,Desconocido,['Coyote'],['Actor'],Desconocido,--
326,David C. Thompson,Desconocido,"['Tunnels', 'Mr. Smith & the Devil', 'Coyote', 'Metamorphosis']","['Actor', 'Editor', 'Director']",Desconocido,--
327,Genesis Curiel,Desconocido,['Coyote'],['Actor'],Desconocido,--
328,Juan Jose Aguirre,Desconocido,"['El Gallinero', 'Narcos', 'Ingobernable', 'Red 71']","['Actor', 'Producer']",Desconocido,--
329,Devin Colvin,Desconocido,"['Coyote', 'Chains', 'Geronimo', 'Run to Jays: Tournament of Champions']","['Producer', 'Actor', 'Additional Crew']",Desconocido,--
330,Celena Santa Cruz,Desconocido,['Coyote'],['Actress'],Desconocido,--
331,Supakson Chaimongkol,1982,"['Dong phayaa fai', 'Kun pan', 'Brave', 'Berani Punya Budak']",['Actress'],Desconocido,--
332,Apichart Chusakul,Desconocido,"['Shutter', 'Mortal Kombat', 'Stealth', 'Mortal Kombat: Annihilation']","['Actor', 'Second Unit Director or Assistant Director']",Desconocido,--
333,Phoori Hiranyapruk,Desconocido,"['The Blue Elephant', 'Khon hew hua', 'Sunset at Chaophraya']",['Actor'],Desconocido,--
334,Ping Lumpraploeng,Desconocido,"['The Pool', 'Saep sanit sid saai naa', 'Muay Sading Mat Sing Saifah', 'Irresistable']","['Writer', 'Actor', 'Director']",2 wins & 1 nomination,--
335,Visa Sarasas,Desconocido,"['Khoht-rak-eng-loei', 'Khon hew hua', 'Ponglang Amazing Theater', 'The Amazing Race Asia']",['Actress'],Desconocido,--
336,Kuensit Suwanwatthakee,Desconocido,"['The Unborn', 'Cherm', 'Khon hew hua', 'H2-Oh!']",['Actor'],Desconocido,--
337,Richard M Dumont,Desconocido,"[""Assassin's Creed: Valhalla"", ""Assassin's Creed: Origins"", 'Are You Afraid of the Dark?', 'Celebrity Legacies']","['Actor', 'Additional Crew', 'Sound Department']",Desconocido,--
338,Justine Elise Flores,Desconocido,"[""Buddy Bear's Happy and You Know It"", 'Landing Afoot', 'The Head Thieves', 'The Journey']","['Actress', 'Make-Up Department', 'Additional Crew']",Desconocido,--
339,Terri J. Freedman,Desconocido,"['Jes and Lora', 'The Screen Junkies Show', 'French Is Super!']","['Actress', 'Additional Crew', 'Writer']",5 wins,--
340,Denny Hankla,Desconocido,"['The Journey', 'Gotham Cafe', 'Surfing']",['Actor'],Desconocido,--
341,Aaron Kai,Desconocido,"['Tales of Halloween', 'Asunder', 'Psychophonia', 'Cabaret of the Dead']","['Actor', 'Art Department', 'Camera and Electrical Department']",Desconocido,--
342,Tom Lenoci,Desconocido,"['My Suicide', 'The Journey', 'Meet Market', 'The Almost Guys']",['Actor'],Desconocido,--
343,Andres Londono,Desconocido,"['Narcos: Mexico', 'A Day for Driving', 'Fear the Walking Dead', 'Llanto Maldito']","['Actor', 'Writer', 'Director']",1 win & 1 nomination,--
344,Humberto Meza,Desconocido,"['Volver, Volver', 'Liberating H', 'Ladrón que roba a ladrón', 'The Journey']","['Actor', 'Producer', 'Director']",Desconocido,--
345,Donnalee Austen,Desconocido,"['A Christmas Carol', 'Mothers and Daughters', 'Mars Needs Moms', 'Grandes Horizontales']","['Producer', 'Additional Crew', 'Actress']",Desconocido,--
346,Blake Boyd,20,"['Out of Time', 'Messiah', 'Murder in the Vineyard', 'General Hospital']","['Actor', 'Producer', 'Director']",Desconocido,--
347,Michelle Fabiano,Desconocido,"['Domino', ""Something's Gotta Give"", 'Veronica Mars', ""Staar: She'd Rather Be a Mistress""]",['Actress'],Desconocido,--
348,Fabio,1959,"['Bubble Boy', ""Dude, Where's My Car?"", 'Dumbbells', 'Zoolander']","['Actor', 'Additional Crew']",3 wins & 2 nominations,--
349,Kat Hawkes,19,"['Nanoblood', 'Dead Rising 3', 'Syndicate', 'Ninety-Nine Nights II']","['Actress', 'Producer', 'Writer']",Desconocido,--
350,Kyla Kuhner,Desconocido,"['Float', 'Squanderers', ""Assassins' Code"", 'Awaken the Dead']","['Camera and Electrical Department', 'Casting Director', 'Producer']",Desconocido,--
351,Stephanie Paul,Desconocido,"['Iron Sky', 'Crazylove', 'Iron Sky: The Coming Race', 'Film School Confidential']","['Actress', 'Director', 'Casting Director']",Desconocido,--
352,Simon Yam,1955,"['Lara Croft: Tomb Raider - The Cradle of Life', 'Election', 'PTU', 'Ip Man']","['Actor', 'Producer', 'Director']",13 wins & 24 nominations,--
353,Annie Liu,1981,"['Mob Sister', 'The Invincible Dragon', 'Hak yae', 'Siu je yau sam']",['Actress'],1 nomination,--
354,Nick Cheung,1967,"['Unbeatable', 'Beast Stalker', 'Keeper of Darkness', 'The Trough']","['Actor', 'Director', 'Writer']",14 wins & 24 nominations,--
355,Irene Wan,1966,"['Ai zai shen qiu', '72 Heroes', 'Lonely Fifteen', 'Triad']","['Actress', 'Producer', 'Additional Crew']",1 win & 3 nominations,--
356,Maggie Siu,1965,"['Election', 'PTU', 'Eye in the Sky', 'Vengeance']",['Actress'],1 win & 7 nominations,--
357,On-On Yu,1959,"['Fei saa fung chung chun', 'My Name Is Fame', 'Rob-B-Hood', 'Whispers and Moans']","['Actress', 'Music Department']",3 nominations,--
358,Ga-Leung Chan,Desconocido,"['Let the Bullets Fly', 'Shinjuku Incident', 'Vampire Cleanup Department', 'Triple Tap']","['Actor', 'Stunts']",Desconocido,--
359,Hiroshi Fukazawa,Desconocido,"['Ip Man 4: The Finale', 'I Miss You When I See You', 'Sky on Fire', 'Development Hell']","['Writer', 'Additional Crew', 'Actor']",Desconocido,--
360,Shun Aika,1984,"['Yamada Hirono no sabaibaru bîchi', 'Unfair']",['Actress'],Desconocido,--
361,Francoise Hirota,Desconocido,"['Yamada Hirono no sabaibaru bîchi', 'Setsunai: Tokyo Heart Break']",['Actress'],Desconocido,--
362,Horiken,1961,"['Pink_D', 'Cyborg She', 'Sukiyaki Western Django', 'Ichi']",['Actor'],Desconocido,--
363,Chihiro Koganezaki,Desconocido,"['Kinpan fuck: Zubunure Kannon', 'Oyasumi anmonite', 'Yamada Hirono no sabaibaru bîchi', ""The Devil's Feast""]",['Actress'],Desconocido,--
364,Yûji Kuze,Desconocido,['Yamada Hirono no sabaibaru bîchi'],['Actor'],Desconocido,--
365,Michi Nishijima,1985,"['Bakuryuu Sentai Abaranger', 'Kaizoku Sentai Gokaiger', 'Uchû Keiji Gyaban vs. Tokusô Sentai Dekarenjâ', 'Bakuryuu Sentai Abaranger 20th: The Unforgivable Abare']",['Actress'],Desconocido,--
366,Yoshiki Wakura,Desconocido,"['Babel', 'Yamada Hirono no sabaibaru bîchi', 'Miyoko']",['Actor'],Desconocido,--
367,Matt Sanford,1985,"['The Donor Conspiracy', 'Gunslingers', 'Naked Fear', 'The Flock']","['Actor', 'Camera and Electrical Department', 'Additional Crew']",Desconocido,--
368,Michele Heyman,Desconocido,['The Donor Conspiracy'],['Actress'],Desconocido,--
369,Liezl Carstens,Desconocido,"['Wild Hogs', 'Fright Night', 'The Keeper', 'Jordan']","['Actress', 'Sound Department']",Desconocido,--
370,Greta Quezada,Desconocido,"['The Cobblestone Corridor', 'The Bold and the Beautiful', 'Midnight Brew', 'Founders Day']",['Actress'],Desconocido,--
371,Lonnie Lane,Desconocido,"['The Guest', 'Mia: Love Never Dies', 'She Must Be an Angel', 'The Perfect Marriage']","['Actor', 'Camera and Electrical Department', 'Producer']",Desconocido,--
372,Ben Gettler,Desconocido,['The Donor Conspiracy'],['Actor'],Desconocido,--
373,Anna Felix,Desconocido,"['Crazy Heart', 'Breaking Bad', 'Deadline', 'Homeland']",['Actress'],Desconocido,--
374,Trina E. Siopy,1976,"['The Night Shift', 'Breaking Bad', 'Better Call Saul', 'Chicago Fire']","['Producer', 'Actress', 'Stunts']",2 wins & 3 nominations total,--
375,Antonis Kafetzopoulos,1951,"['Revanche', 'Akadimia Platonos', 'Unfair World', 'Stakaman!']","['Actor', 'Director', 'Writer']",5 wins,--
376,Eleni Kastani,Desconocido,"['The Island', 'To kokkino domatio', 'One Day in August', 'Hostage']","['Actress', 'Soundtrack']",Desconocido,--
377,Tex Pardue,Desconocido,['Proti fora nonos'],['Actor'],Desconocido,--
378,Manos Gavras,1973,"['The Back-up Plan', 'The Butler', 'A Stranger in Paradise', 'Last Resort']","['Actor', 'Producer', 'Writer']",Desconocido,--
379,Tasos Kostis,Desconocido,"['Loufa kai parallagi - I seira', 'Otan imoun daskalos', 'Haireta mou ton platano', 'O kloios']",['Actor'],Desconocido,--
380,Haris Emmanouil,Desconocido,"['O giteftis', '10i entoli', 'O 7os ilios tou erota', 'Roza of Smyrna']",['Actor'],Desconocido,--
381,Nikos Andreoulakis,Desconocido,['Proti fora nonos'],['Actor'],Desconocido,--
382,Anna Louizidi,Desconocido,"['Psyhokores', 'Proti fora nonos']",['Actress'],Desconocido,--
383,Giannis Kalatzopoulos,1949,"['Den gnorisa mitera', 'The Girl with the Fairytales', 'I thysia mias gynaikas', 'Night Doings']",['Actor'],Desconocido,--
384,Laertis Malkotsis,Desconocido,"['Milky Way', 'Gata ex ouranou', 'To fili tis... Zois', 'The velveteen rabbit - A tale of love and addiction']","['Actor', 'Composer', 'Music Department']",Desconocido,--
385,Katerina Papoutsaki,1979,"['After Party', 'Ta kalytera mas hronia', 'Epafi', 'Paramythi... allios']","['Actress', 'Music Department']",1 win,--
386,Zeta Douka,Desconocido,"['Moderna oikogeneia', 'Oi Vasiliades', 'To fili tis... Zois', '1 minas kai kati']",['Actress'],Desconocido,--
387,Themos Anastasiadis,Desconocido,"['To fili tis... Zois', 'Ftystous', 'Mila mou vromika', 'Kalomoira: Ki olo perimeno']","['Actor', 'Writer', 'Producer']",Desconocido,--
388,Sakis Boulas,Desconocido,"['Tile-kannivaloi', 'Ithikon akmaiotaton', 'I poli pote den koimatai', 'Vasilis Papakonstantinou: Sebastian']","['Actor', 'Writer', 'Music Department']",Desconocido,--
389,Katerina Mantziou,1976,"['10i entoli', 'Straight Story', 'To fili tis... Zois', 'Oloi sex... sto Sussex']",['Actress'],Desconocido,--
390,Hristos Tripodis,1975,"['10i entoli', 'On Air', 'Mavra mesanyhta', 'I trapeza']",['Actor'],Desconocido,--
391,Parthena Horozidou,Desconocido,"['Ase mas re mama', 'Oneiropagida', 'Brides', 'To fili tis... Zois']",['Actress'],Desconocido,--
392,Antonis Alifragis,Desconocido,['To fili tis... Zois'],['Actor'],Desconocido,--
393,Cristina Campuzano,Desconocido,"['La Nieta Elegida', 'Correo de Inocentes', 'Poker', 'Tempo final']",['Actress'],Desconocido,--
394,Diego Cadavid,1978,"['Primate', 'La saga: Negocio de familia', '5 Viudas Sueltas', 'Sin retorno']","['Actor', 'Cinematographer']",2 wins & 1 nomination,--
395,Valerie Domínguez,12,"['Sound of Freedom', 'Beyond Brotherhood', 'Do You Believe?', 'El ultimo matrimonio feliz']",['Actress'],1 win,--
396,Naty Botero,Desconocido,"['El Paletero', 'The Snitch Cartel', 'Esto huele mal', 'Loving Gloria']","['Actress', 'Soundtrack']",Desconocido,--
397,María Eugenia Dávila,Desconocido,"['El día que me quieras', 'Karla contra los jaguares', 'Te voy a enseñar a querer', 'Lucerito']","['Actress', 'Writer']",1 win,--
398,Victor Hugo Morant,Desconocido,"['Wild District', 'Bolívar: Una lucha admirable', 'Victorinos', 'MalaYerba']",['Actor'],Desconocido,--
399,Sandra Reyes,1975,"['Pedro el escamoso', 'La mujer del presidente', 'Metástasis', 'El Laberinto']",['Actress'],Desconocido,--
400,Luis Fernando Montoya,Desconocido,"['Operation Checkmate', 'Crónicas de una generación trágica', 'Cómplices', 'La diva']",['Actor'],1 win,--
401,Andrés Felipe Martínez,Desconocido,"['Crónicas de una generación trágica', 'Los Futbolistas', 'Las aguas mansas', 'Beats of Love']","['Actor', 'Writer']",Desconocido,--
402,Yannis Tsimitselis,1981,"['Eho ena mystiko...', 'The Policeman of the 16th Precinct', 'Sirens in the Aegean', 'Loufa kai parallagi: Seirines sti steria']","['Actor', 'Writer', 'Director']",Desconocido,--
403,Vasso Kavalieratou,Desconocido,"['Harisma', 'Shedon enilikes', 'Mets', 'Goldfish']","['Actress', 'Soundtrack']",Desconocido,--
404,Andreas Konstantinou,1982,"['Cloudy Sunday', 'The Last Note', 'O thanatos pou onireftika', 'The Silence of the Dying Fish']","['Actor', 'Soundtrack']",3 wins & 3 nominations,--
405,Eftyhia Giakoumi,Desconocido,"['10i entoli', 'Fyodor', 'Ypovryhios erotas', 'I diakritiki goiteia ton arsenikon']",['Actress'],Desconocido,--
406,Yorgos Chraniotis,Desconocido,"['I Liza kai oloi oi alloi', 'I oraia Eleni', 'Johnny in London', 'Marionetes']",['Actor'],Desconocido,--
407,Jenny Theona,1983,"['O thanatos pou onireftika', 'Ta kalytera mas hronia', 'Saison Morte', 'Blackmail Boy']",['Actress'],Desconocido,--
408,Odysseas Papaspiliopoulos,Desconocido,"['Kazantzakis', 'Ziteitai pseftis', 'Out of the Blue', 'Psyhokores']",['Actor'],1 win,--
409,Stelios Xanthoudakis,Desconocido,"['Erimi hora', 'To vrahioli tis fotias', 'Two Tickets to Greece', 'Mia nyhta tou Avgoustou']",['Actor'],Desconocido,--
410,Maria Tzobanaki,1956,"['Sasmos', 'I ora tou lykou', 'Red Door and Lemon Tree', 'Rixter Music']",['Actress'],Desconocido,--
411,Dimitra Hatoupi,24,"['I zoi enamisy hiliariko', 'I alli opsi', 'Homa & nero', 'Such a Long Absence']","['Actress', 'Soundtrack']",4 wins,--
412,Ersin Korkut,1977,"['Magic Carpet Ride', 'Bizim Batman', 'Kalp Estetigi', 'The Great Irish Potato Famine']","['Actor', 'Soundtrack']",Desconocido,--
413,Büsra Pekin,1982,"['Jolly Life', 'Hadi Insallah', 'Mutlu Aile Defteri', ""Let's Sin""]","['Actress', 'Writer', 'Director']",2 wins & 4 nominations,--
414,Berivan Karaman,Desconocido,"['The Miracle', 'Wings of the Night', 'Cesaretin Var mi Aska', 'Vezir Parmagi']",['Actress'],Desconocido,--
415,Yildirim Memisoglu,1964,"['Günah Keçisi', 'Hayatimin Kadinisin', 'Valley of the Wolves: Ambush', 'Sacred Demijohn 2']",['Actor'],Desconocido,--
416,Taskin Akdemir,Desconocido,['Kutsal Damacana'],['Actor'],Desconocido,--
417,Önder Açikbas,1978,"['Mazlum Kuzey & Kuddusi 2 La! Kasada Para Var!', 'Saskin Bakkal 216', 'Recep Ivedik', 'Mazlum Kuzey']","['Actor', 'Writer', 'Director']",Desconocido,--
418,Andrey Ilin,1960,"['Lektor', 'Kamenskaya - 1', 'Pushkin: Poslednyaya duel', 'Bratya Karamazovy']","['Actor', 'Visual Effects', 'Editor']",1 win,--
419,Zhanna Epple,1964,"['Lovkach i Khippoza', 'Pirozhki s kartoshkoy', 'Zaryazhennye smertyu', 'Dva kholma. Film']",['Actress'],Desconocido,--
420,Pyotr Krasilov,1977,"['Pirozhki s kartoshkoy', 'Otkuda berutsya deti?', 'Poor Anastasia', 'Varene iz sakury']",['Actor'],Desconocido,--
421,Marina Dyuzheva,1955,"['Mimino', 'Kak stat schastlivym', 'Gorozhane', 'Devushka i Grand']","['Actress', 'Writer']",Desconocido,--
422,Aleksandra Nazarova,Desconocido,"['Sofiya Perovskaya', 'Ekipazh', 'Lyubimaya', 'Otrazheniye']",['Actress'],1 win,--
423,Aleksandr Pankratov-Chyornyy,1949,"['Blyustiteli poroka', 'Salon krasoty', 'Vzroslyy syn', 'Pokhozhdeniya grafa Nevzorova']","['Actor', 'Director', 'Producer']",Desconocido,--
424,Olga Sidorova,1976,"['Khoroshie i plokhie', 'Pirozhki s kartoshkoy', 'Composition for Victory Day', 'Lyubov zla']",['Actress'],Desconocido,--
425,Andrey Gusev,1968,"['Rozygrysh', 'Ballada o bombere', 'Ballada o bombere', 'Opasno dlya zhizni!']",['Actor'],Desconocido,--
426,Tatyana Bondarenko,1968,"['Pirozhki s kartoshkoy', 'Obratnyy otschet', 'Sumerki', 'Lyubov.ru']",['Actress'],Desconocido,--
427,Tarun Arora,1979,"['Jab We Met', 'Laxmii', 'Khaidi No. 150', 'Bad Luck Govind']","['Actor', 'Producer']",2 nominations,--
428,Dara Singh Randhawa,Desconocido,"['Kal Ho Naa Ho', 'Unkhilli Muttiar', 'Nanak Dukhiya Sub Sansar', 'Mahabharat']","['Actor', 'Director', 'Producer']",Desconocido,--
429,Pawan Malhotra,1958,"['Bhaag Milkha Bhaag', 'Don', 'Black Friday', 'Bang Bang']","['Actor', 'Costume and Wardrobe Department', 'Production Manager']",5 wins & 10 nominations,--
430,Kamal Tiwari,Desconocido,"['Omkara', 'Udta Punjab', 'Jab We Met', 'Insaaf']",['Actor'],Desconocido,--
431,Kiran Juneja,1964,"['Mahabharat', 'Jab We Met', 'Krrish', 'Halaat']","['Actress', 'Producer']",Desconocido,--
432,Divya Seth Shah,Desconocido,"['Jab We Met', 'Article 370', 'Duranga', 'Star Bestsellers']",['Actress'],Desconocido,--
433,Saumya Tandon,1984,"['Jab We Met', 'Bhabi Ji Ghar Par Hai', 'Dhuaan', 'Meri Awaz Ko Mil Gayi Roshni']",['Actress'],6 nominations,--
434,Nihar Thakkar,Desconocido,"['Jab We Met', 'Teaser Try Being a Women', 'Interface Heights - Malad West Video', 'Rakt Sambandh']","['Actor', 'Director', 'Producer']",Desconocido,--
435,Lorielle New,Desconocido,"['Farewell, My Love', ""Dante's Cove"", 'House of Fur', 'American Virgin']","['Actress', 'Additional Crew']",Desconocido,--
436,Anita Caprioli,1973,"['Corpo Celeste', 'The Immature', 'We Can Do That', 'Non pensarci']",['Actress'],5 wins & 5 nominations,--
437,Caterina Murino,1977,"['Casino Royale', 'Voice from the Stone', 'Summer Night, Winter Moon', 'The Corsican File']",['Actress'],1 win,--
438,Trisha Ray,Desconocido,"['Recast', '6 Rounds of Chloë', 'Bleep Love', 'Interrogation of a Husband']","['Producer', 'Editor', 'Director']",6 wins & 2 nominations,--
439,Mikhail Sebastian,1973,"['Bleep Love', 'The Wedding Day', 'Rain Curtain', 'Money']","['Actor', 'Producer', 'Location Management']",Desconocido,--
440,Brice Poisson,Desconocido,"['Sir', ""What's Love Got to Do with It?"", 'Money', 'Virages']","['Producer', 'Actor', 'Cinematographer']",Desconocido,--
441,Eve Berggren,Desconocido,"['Closure', 'Money']",['Actress'],Desconocido,--
442,Fred Burton,Desconocido,['Money'],['Actor'],Desconocido,--
443,Arup Chakroborty,Desconocido,"['Anuranan', 'The Bong Connection', 'Money', 'Bleep Love']",['Actor'],Desconocido,--
444,Joseph Cintron,1965,"['Terminator Genisys', 'Left Behind', 'Seeking Justice', 'Trespass']","['Actor', 'Stunts', 'Additional Crew']",Desconocido,--
445,Tom Combs,Desconocido,"['6 Rounds of Chloë', 'A Federal Case', 'Sex, Marriage and Infidelity', 'Artisse']",['Actor'],Desconocido,--
446,Fabrizia Faustinella,Desconocido,"['The Dark Side of the Moon', ""L' Apparenza Inganna"", 'Angel of Mercy', 'This Is Who I Am']","['Actress', 'Producer', 'Writer']",3 wins,--
447,Hilary Kennedy,Desconocido,"['Disaster Movie', 'Evil Behind You', 'Dallywood', 'The Last Tomorrow']","['Actress', 'Producer', 'Writer']",Desconocido,--
448,Lawrence Varnado,1963,"['Sin City: A Dame to Kill For', 'Prison Break', 'Support the Girls', 'Friday Night Lights']","['Actor', 'Producer']",Desconocido,--
449,Leeza Zimmerman,Desconocido,"['The Last Tomorrow', 'Backstabber', 'Retribution Road', 'Cartel, 1882']",['Actress'],Desconocido,--
450,Naima Lett,Desconocido,"['The Curious Case of Benjamin Button', 'Living Proof']","['Actress', 'Producer']",Desconocido,--
451,Gavin Allen,Desconocido,['The Last Tomorrow'],['Actor'],Desconocido,--
452,Gilbert Sicotte,1948,"['The Salesman', 'Mesrine: Killer Instinct', 'And the Birds Rained Down', 'Paul à Québec']",['Actor'],4 wins & 4 nominations,--
453,Pauline Martin,1952,"['Les hauts et les bas de Sophie Paquin', 'Jesus of Montreal', 'Le négociateur', 'Samedi P.M.']","['Actress', 'Writer']",2 nominations,--
454,Marie Brassard,Desconocido,"['Le polygraphe', 'Nô', 'Le coeur de madame Sabali', 'Vic + Flo Saw a Bear']","['Actress', 'Writer', 'Soundtrack']",6 nominations,--
455,Denis Houle,1961,"['Viking', 'La peau blanche', ""Les mille merveilles de l'univers"", 'Les aventures tumultueuses de Jack Carter']",['Actor'],Desconocido,--
456,Gary Boudreault,1961,"['Matroni and Me', 'Set Me Free', 'Les aventures tumultueuses de Jack Carter', 'Remue-ménage']",['Actor'],1 nomination,--
457,Dominique Quesnel,Desconocido,"['The Torrent', ""L'odyssée"", 'Widow of St. Pierre', 'Crème glacée, chocolat et autres consolations']",['Actress'],1 nomination,--
458,Daniel Desputeau,Desconocido,"['Starbuck', 'Les Boys', '7 Days', 'Amsterdam']","['Actor', 'Writer']",Desconocido,--
459,Ann Savage,Desconocido,"['Detour', 'My Winnipeg', 'Renegade Girl', 'Two-Man Submarine']","['Actress', 'Soundtrack']",1 nomination,--
460,Brendan Cade,1990,"['My Winnipeg', 'Less Than Kind', 'The Snow Fort']",['Actor'],Desconocido,--
461,Wesley Cade,Desconocido,"['My Winnipeg', ""Society's Child"", '2030 CE', 'The Law of Enclosures']",['Actor'],Desconocido,--
462,Lou Profeta,Desconocido,"['My Winnipeg', ""Lost Bones: In Search of Sitting Bull's Grave""]",[],Desconocido,--
463,Fred Dunsmore,Desconocido,['My Winnipeg'],[],Desconocido,--
464,Kate Yacula,1987,"['Faces in the Crowd', 'Life in a Day', 'Todd and the Book of Pure Evil', 'Breakthrough']",['Actress'],Desconocido,--
465,Jacelyn Lobay,Desconocido,"['My Winnipeg', ""Odin's Shield Maiden""]",['Actress'],Desconocido,--
466,Damian Ul,1997,"['Sztuczki', 'The Captain', 'Run Boy Run', 'Supernova']",['Actor'],1 win & 1 nomination,--
467,Ewelina Walendziak,1985,"['Sztuczki', 'Robert Mitchum est mort', 'Scanonization', 'Dwarfs']",['Actress'],Desconocido,--
468,Tomasz Sapryk,1966,"['Sztuczki', 'Television Theater', 'Ja wam pokaze!', 'Day of the Wacko']","['Actor', 'Second Unit Director or Assistant Director']",1 win,--
469,Rafal Guzniczak,Desconocido,"['Little Rose 2', 'Powiedz to, Gabi', 'Sztuczki', 'Zmruz oczy']","['Actor', 'Art Department', 'Transportation Department']",Desconocido,--
470,Iwona Fornalczyk,1964,"['Strazacy', 'M jak milosc', 'Sztuczki', 'Na dobre i na zle']",['Actress'],Desconocido,--
471,Joanna Liszowska,1978,"['Superheroes', 'Their Lucky Stars', 'Temptation', 'Nie klam, kochanie']","['Actress', 'Soundtrack']",Desconocido,--
472,Andrzej Golejewski,1952,"['Stacja', 'Na strazy swej stac bede', 'Tam i z powrotem', 'Moja wojna - moja milosc']",['Actor'],Desconocido,--
473,Grzegorz Stelmaszewski,Desconocido,"['The Lure', 'Sluzby specjalne', 'Fugue', 'Skorumpowani']",['Actor'],Desconocido,--
474,Simeone Matarelli,Desconocido,['Sztuczki'],['Actor'],Desconocido,--
475,Krzysztof Lawniczak,1960,"['Sztuczki', 'Television Theater', 'Zmruz oczy', 'Tajemnica Luki']",['Actor'],Desconocido,--
476,Dinara Abikeyeva,Desconocido,"['Dorogie moi deti', 'Karoy']",['Actress'],Desconocido,--
477,Boranbek Akhmetov,Desconocido,['Karoy'],['Actor'],Desconocido,--
478,Zhanbolat Ardak,Desconocido,['Karoy'],['Actor'],Desconocido,--
479,Beknazar Bektursinov,Desconocido,['Karoy'],['Actor'],Desconocido,--
480,Aiman Aimagan Betova,Desconocido,['Karoy'],['Actress'],Desconocido,--
481,Akniyat Beysen,Desconocido,['Karoy'],['Actor'],Desconocido,--
482,Maralbek Beysen,Desconocido,['Karoy'],['Actor'],Desconocido,--
483,Kadirbek Demezin,Desconocido,"['Dorogie moi deti', 'Taras. Homecoming', 'Crash Test Aglaé', 'Karoy']",['Actor'],Desconocido,--
484,Madira Gabdullayeva,Desconocido,['Karoy'],['Actress'],Desconocido,--
485,Erlan Hadishin,Desconocido,['Karoy'],['Actor'],Desconocido,--
486,John Stewart,Desconocido,"['Cola Dan', 'My Life as a Bus Stop']",['Actor'],Desconocido,--
487,Kate Brailsford,Desconocido,"['Cola Dan', 'Orphans', 'Fags, Mags and Bags', 'My Life as a Bus Stop']",['Actress'],Desconocido,--
488,Eleanor Capaldi,20,"['Bookmarks', 'Glue', 'Fizzing', 'My Life as a Bus Stop']","['Director', 'Writer', 'Actress']",Desconocido,--
489,Angela Coates,Desconocido,['My Life as a Bus Stop'],['Actress'],Desconocido,--
490,Juano Diaz,Desconocido,"['Deux ombres', 'Cola Dan', 'My Life as a Bus Stop', 'Z Chromozome']","['Actor', 'Director', 'Writer']",Desconocido,--
491,Martin Greechan,Desconocido,"['My Life as a Bus Stop', 'North Lanarkshire Live']",['Actor'],Desconocido,--
492,Mark Millar,1969,"['Kingsman: The Secret Service', 'Kingsman: The Golden Circle', ""The King's Man"", 'Kick-Ass']","['Writer', 'Producer', 'Actor']",Desconocido,--
493,J. Fabian,Desconocido,['Movin G'],"['Director', 'Actor', 'Composer']",Desconocido,--
494,Elvin Bibiloni,Desconocido,['Movin G'],"['Actor', 'Producer']",Desconocido,--
495,Robin Arcuri,1976,"['Frank and Ava', 'Entourage', 'Movin G', 'Ripple Effect']","['Actress', 'Make-Up Department', 'Producer']",Desconocido,--
496,J.D. Ryan,1956,"['Seduction of Innocence', 'The Last Bounty Hunter', 'Movin G', 'The Young Riders']","['Actor', 'Editor', 'Producer']",Desconocido,--
497,Elvin Bibloni,Desconocido,['Movin G'],['Actor'],Desconocido,--
498,Robert Byars,Desconocido,"['Trade In', 'Movin G']",['Actor'],Desconocido,--
499,Curtis Fails,Desconocido,['Movin G'],['Actor'],Desconocido,--
500,Jennifer Justice,Desconocido,"['Movin G', 'Look Again', 'The Atonement of Janis Drake', 'American Experience']","['Actress', 'Costume and Wardrobe Department', 'Additional Crew']",Desconocido,--
501,Luke Plock,Desconocido,['Movin G'],['Actor'],Desconocido,--
502,Sonia Mehra,1988,"['Shadow', 'Victoria No. 203: Diamonds Are Forever', 'Ek Main Aur Ekk Tu', 'Ragini MMS 2']",['Actress'],Desconocido,--
503,Preeti Jhangiani,1980,"['Mohabbatein', 'Taawdo the Sunlight', 'Jaane Hoga Kya', 'Thammudu']","['Actress', 'Producer']",2 wins & 4 nominations,--
504,Kamal Sadanah,1971,"['Roar: Tigers of the Sundarbans', 'A Moment of Pause', 'Karkash', 'Kayamkulam Kochunni']","['Actor', 'Writer', 'Director']",Desconocido,--
505,Tora Khasgir,Desconocido,"['Asambhav', 'Pyaar Mein Kabhi Kabhi...', 'Victoria No. 203: Diamonds Are Forever']",['Actress'],Desconocido,--
506,Aditi Govitrikar,1974,"['Soch', 'Paheli', 'Dhund: The Fog', '16 December']",['Actress'],Desconocido,--
507,Tomohiro Kato,Desconocido,"['Chromartie High - The Movie', 'Into the Sun', 'Muninka hoikuen Kabukichô Hiyokogumi!', 'Hallucination']",['Actor'],Desconocido,--
508,Shingo Kawaguchi,1978,"['Kamen Rider Wizard', 'Kamen Rider Hibiki', 'Kamen Rider Zi-O', 'Kamen Rider Decade']",['Actor'],Desconocido,--
509,Daijirô Kawaoka,1978,"['Kamen Rider Decade', 'Kamen Rider Movie War 2010: Kamen Rider vs. Kamen Rider W & Decade', 'Space Police', 'Summer Time Machine Blues']",['Actor'],Desconocido,--
510,Toshiya Nagasawa,1961,"['Shinobi: Heart Under Blade', 'Gô-hime', 'Azumi 2: Death or Love', 'Ultraman: The Next']",['Actor'],1 win,--
511,Takashi Sasano,1948,"['Departures', 'Nezu no ban', 'Love and Honor', 'Shuriken Sentai Ninninger']",['Actor'],6 wins,--
512,Alexandros Tsakiris,Desconocido,"['Gynaikeies synomosies', 'Brides', 'The Man in Gray', ""It's a Long Road""]",['Actor'],Desconocido,--
513,Fay Xyla,1975,"['Perfidious', ""Pict's Sword"", 'Epafi', 'Pethainontas stin Athina']",['Actress'],Desconocido,--
514,Kostas Voutsas,Desconocido,"['O gois', 'O erotas tou Odyssea', 'O Kotsos kai oi exogiinoi', 'Beldam My Love']","['Actor', 'Director', 'Writer']",2 wins & 2 nominations,--
515,Jenny Skarlatou,Desconocido,"['And God Made the... Greeks', 'Gynaikeies synomosies', 'USSAK', 'Ta hromata tis agapis']",['Actress'],Desconocido,--
516,Panos Vitsikas,Desconocido,"['Gynaikeies synomosies', 'To 10', 'To kouti', 'Onslaught']",['Actor'],Desconocido,--
517,Ilias Gogiannos,Desconocido,"['Gynaikeies synomosies', 'I koukla!', 'To aidoni tou autokratora', 'Onslaught']",['Actor'],Desconocido,--
518,Aliki Kamineli,Desconocido,"['O Kotsos kai oi exogiinoi', 'Trilogia: To livadi pou dakryzei', 'Gynaikeies synomosies', 'Pagides tou kalokairiou']",['Actress'],Desconocido,--
519,Thanos Papadopoulos,1938,"['To theatro tis Defteras', 'Ego... kai to pouli mou', 'Roda tsanta kai kopana', 'Pramata kai thamata']","['Actor', 'Writer']",Desconocido,--
520,Nikos Poursanidis,Desconocido,"['The Lost Daughter', 'The Program', 'MI-5', 'Yungermann']",['Actor'],Desconocido,--
521,Panos Tzinos,Desconocido,"['Ilios', 'Gynaikeies synomosies', 'Kato apo to makigiaz sou', 'Man of God']",['Actor'],Desconocido,--
522,Houria Belhadji,Desconocido,"['Arthur and the Invisibles', 'Dans la vie']","['Actress', 'Additional Crew']",Desconocido,--
523,Sabrina Ben Abdallah,Desconocido,['Dans la vie'],['Actress'],1 win,--
524,Mohamed Chabane-Chaouche,Desconocido,"[""Patrouille à l'Est"", 'Beur blanc rouge', 'Viva Laldjérie', 'Morituri']","['Actor', 'Production Manager', 'Casting Director']",Desconocido,--
525,Ariane Jacquot,Desconocido,"['Dans la vie', 'La cour des grands']",['Actress'],1 win,--
526,Oumria Mouffok,Desconocido,"['Mémoires du 304', 'Dans la vie', ""Qu'un seul tienne et les autres suivront"", 'The 7 Lives of Lea']",['Actress'],Desconocido,--
527,Zohra Mouffok,Desconocido,"['Dans la vie', 'The Bureau', 'Harissa mon amour', 'For Djamila']",['Actress'],1 win,--
528,Hocine Nini,Desconocido,['Dans la vie'],['Actor'],Desconocido,--
529,Philippe Faucon,1958,"['Amin', 'Fatima', 'Samia', 'Dans la vie']","['Director', 'Writer', 'Producer']",9 wins & 7 nominations,--
530,Seiji Fukushi,1983,"['Erased', ""The Next Generation Patlabor: Tokyo War: Director's Cut"", 'Kamen Rider Zero-One: Real×Time', 'Minato shôji koin randorî']",['Actor'],Desconocido,--
531,Masaki Kaji,1988,"['Tennis no oujisama', 'Kamen Rider Ex-Aid Trilogy: Another Ending - Kamen Rider Genm vs. Lazer', 'Meet Me After School', 'Piple: AI to Kekkon Seikatsu Hajimemashita']",['Actor'],Desconocido,--
532,Ryô Kimura,1988,"[""Kamen Rider Ghost: The 100 Eyecons and Ghost's Fateful Moment"", 'Zettai reido: Tokushu hanzai sennyû sôsa', 'Mûnraito jerîfisshu', 'Zettai reido: Mikaiketsu jiken tokumei sôsa']","['Actor', 'Additional Crew']",Desconocido,--
533,Shûichirô Masuda,1980,"['Alice in Borderland', 'Library Wars', 'The Fighter Pilot', 'Fukushima 50']",['Actor'],Desconocido,--
534,Shôta Matsuda,1985,"['Hana yori dango: Fainaru', 'Ikigami', 'Boys Over Flowers', 'Isle of Dogs']",['Actor'],3 wins & 1 nomination,--
535,Shingo Michinaka,Desconocido,"['Waruboro', 'Aoi tokugawa sandai', 'Nankyoku tairiku: Kami no ryouiki ni idonda otoko to inu no monogatari', 'Odd Family 11!']",['Actor'],Desconocido,--
536,Burton Richardson,Desconocido,"['Kate', 'One Percent Full', 'Fire Down Below', 'The Circle']","['Stunts', 'Actor', 'Director']",Desconocido,--
537,Ronnie Ricketts,Desconocido,"['May sayad', 'Madaling mamatay, mahirap mabuhay', 'Mano Mano 3: Arnis the Lost Art', 'The Fighting Chefs']","['Actor', 'Director', 'Writer']",1 win & 3 nominations,--
538,Niño Muhlach,1971,"['Tahan na Empoy, tahan', 'My Father, My Mother', 'Kutong lupa', 'Darna at Ding']","['Actor', 'Director', 'Additional Crew']",5 wins & 5 nominations,--
539,James Charles Jewett,Desconocido,"['One Percent Full', 'Wormwood']",['Actor'],Desconocido,--
540,Aaron Dragushan,Desconocido,['One Percent Full'],['Actor'],Desconocido,--
541,Levi Bussanich,Desconocido,['One Percent Full'],"['Actor', 'Stunts']",Desconocido,--
542,David Giomi,Desconocido,['One Percent Full'],"['Actor', 'Stunts', 'Additional Crew']",Desconocido,--
543,Nolan Hong,Desconocido,"['Hawaii Five-0', 'And so the story goes...', 'Inhumans', 'One Percent Full']","['Actor', 'Director', 'Producer']",Desconocido,--
544,Jarlo Ilano,Desconocido,"['One Percent Full', 'State of Decay 2']","['Actor', 'Stunts', 'Additional Crew']",Desconocido,--
545,Beau Allulli,Desconocido,"['Cut to Black', 'Prayer to a Vengeful God', 'Cole', 'The Hardboiled Way']","['Actor', 'Producer']",Desconocido,--
546,Daniel Bartkewicz,Desconocido,"['The Exploration of Cole as Led by the Prepubescent Sandy', 'Spoiler Alert', 'Travelers', 'The Quest for Cloves']",['Actor'],1 nomination,--
547,Erin Cunningham,Desconocido,"['Diverge', ""Love Is a Thieves' Game"", 'The Weekend', 'Stay True Darling']",['Actress'],1 nomination,--
548,Ruth DeSantis,Desconocido,['The Weekend'],['Actress'],Desconocido,--
549,David Dreyer,Desconocido,"['Sweet Home Alabama', 'The Clearing', 'A Better Way to Die', 'The Right Temptation']","['Art Department', 'Production Designer', 'Art Director']",Desconocido,--
550,Jim Ford,1981,"['Fight Scene', 'We Have Your Wife', 'Timmy Text Message', 'Small World']","['Actor', 'Stunts', 'Writer']",25 wins & 28 nominations,--
551,Cary Glastein,Desconocido,['The Weekend'],['Actor'],Desconocido,--
552,Eric Hayes,Desconocido,"['Strangers on Parade', 'The Weekend']",['Actor'],Desconocido,--
553,Tomokazu Miura,1952,"['Shiosai', 'M/Other', 'Adrift in Tokyo', 'Shizumanu taiyô']","['Actor', 'Writer']",12 wins & 2 nominations,--
554,Yuriko Yoshitaka,1988,"['Snakes and Earrings', 'A Story of Yonosuke', ""Noriko's Dinner Table"", 'Yurigokoro']",['Actress'],3 wins & 4 nominations,--
555,Tomoko Hirata,Desconocido,"['Adrift in Tokyo', 'Shimokita surouraifu', 'Zombrex: Dead Rising Sun']",['Actress'],Desconocido,--
556,Yoshizumi Ishihara,1962,"['Kyôdan', 'Supai Zoruge', 'Yoshitsune', 'Shishi no ketsumyaku']",['Actor'],1 win,--
557,Imaaduddin Shah,1986,"['Detective Byomkesh Bakshy!', 'Dil Dosti Etc', 'Karwaan', '404: Error Not Found']","['Actor', 'Music Department', 'Writer']",3 nominations,--
558,Smriti Mishra,Desconocido,"['Sardari Begum', 'Zubeidaa', 'Jaya Ganga', 'Kal: Yesterday and Tomorrow']",['Actress'],1 nomination,--
559,Nikita Anand,Desconocido,"['Dear Zindagi', 'Secret Superstar', 'Gandhi to Hitler', 'Ek Second... Jo Zindagi Badal De...']",['Actress'],Desconocido,--
560,Raakesh Maudgal,Desconocido,"['Don', 'Talaash: The Answer Lies Within', 'Gold', 'Dil Dosti Etc']",['Actor'],Desconocido,--
561,Saurabh Chauhan,Desconocido,"['Bloody Daddy', 'Bharat', 'Jogi', 'Tandav']",['Actor'],Desconocido,--
562,Gurpreet Grover,Desconocido,['Dil Dosti Etc'],['Actor'],Desconocido,--
563,Feroze Gujral,Desconocido,['Dil Dosti Etc'],['Actor'],Desconocido,--
564,Jordan Gray,1982,"['The Conspirator', 'Common', 'Journey Into the Unknown']","['Actor', 'Editor', 'Editorial Department']",Desconocido,--
565,Micah Mertes,Desconocido,['Common'],['Actor'],Desconocido,--
566,Michelle Blaha,Desconocido,['Common'],['Actress'],Desconocido,--
567,Base Basvic,Desconocido,"[""Something's Wrong in Kansas"", 'Common']","['Actor', 'Art Department', 'Additional Crew']",Desconocido,--
568,Melissa Burns,Desconocido,['Common'],"['Actress', 'Additional Crew']",Desconocido,--
569,Kamryn Smith,Desconocido,"[""Women's Playground"", 'Common']",['Actress'],Desconocido,--
570,Heather Wiseman,Desconocido,"['Common', ""Something's Wrong in Kansas""]","['Actress', 'Art Department', 'Camera and Electrical Department']",Desconocido,--
571,Megan Young,Desconocido,['Common'],['Actress'],Desconocido,--
572,Rachel Hinde,Desconocido,"['Common', 'Until Dawn']","['Actress', 'Additional Crew']",Desconocido,--
573,Linda Mourits,Desconocido,['De poetsprins'],['Actress'],Desconocido,--
574,Aby,Desconocido,"['Sainyam', 'Bheesmacharya', 'Aniyathi Pravu', 'Thanthonni']",['Actor'],Desconocido,--
575,Anil Murali,Desconocido,"['Thani Oruvan', 'Iyobinte Pusthakam', 'Lion', 'Baba Kalyani']",['Actor'],Desconocido,--
576,Simran,1976,"['Petta', 'Rocketry: The Nambi Effect', 'Vaalee', 'Kannathil Muthamittal']",['Actress'],8 wins & 9 nominations,--
577,Anoop Chandran,Desconocido,"['Ottakkoru Kaamukan', 'Classmates', 'Nadiya Kollappetta Rathri', 'Hero']","['Actor', 'Music Department', 'Producer']",Desconocido,--
578,Arun Narayan,Desconocido,Desconocido,Desconocido,Desconocido,--
